category,initiative,award_type,member,organization,program,ein,amount,agency,purpose
CHILDREN’S SERVICES,Discretionary Child Care,initiative_provider,,"A&G Early Child Care Community Network Inc. 47-2375867 * $2,000,000 Beth Jacob Day Care Center, Inc.",,112290419,960000,,
CHILDREN’S SERVICES,Discretionary Child Care,initiative_provider,,"Bethany Day Nursery, Inc. 13-2732818 * $709,605 Conselyea St. Block Association, Inc. 11-2347180 * $1,448,669 Fort Greene Council Inc. 11-2300840 * $587,058 Gan Day Care 11-2302049 * $1,136,000 Leake and Watts Services, Inc.",,131860451,273875,,
CHILDREN’S SERVICES,Discretionary Child Care,initiative_provider,,"Nasry Michelen Day Care Center, Inc.",,203108162,481076,,
CHILDREN’S SERVICES,Discretionary Child Care,initiative_provider,,"Staten Island Mental Health Society Inc. Head Start Program 13-5623279 * $325,000 West Side Montessori School",,131992185,275000,,
CHILDREN’S SERVICES,Discretionary Child Care,initiative_provider,,Williamsbridge NAACP Early Childhood Education Center,,132686694,1158786,,
CHILDREN’S SERVICES,City’s First Readers,initiative_provider,,"Broadway Housing Communities, Inc. 13-3212867 * $47,000 Brooklyn Public Library (BPL)",,111904261,175000,,
CHILDREN’S SERVICES,City’s First Readers,initiative_provider,,"Child Center of New York, Inc., The",,111733454,47000,,
CHILDREN’S SERVICES,City’s First Readers,initiative_provider,,"Committee for Hispanic Children and Families, The",,112622003,66000,,
CHILDREN’S SERVICES,City’s First Readers,initiative_provider,,"Jumpstart for Children 04-3263046 * $175,000 Literacy Inc. (LINC) 13-3911331 * $440,000 New York Public Library (NPL)",,131887440,175000,,
CHILDREN’S SERVICES,City’s First Readers,initiative_provider,,"New York University 13-5562308 * $236,000 Parent Child Home Program",,112495601,34000,,
CHILDREN’S SERVICES,City’s First Readers,initiative_provider,,Queens Public Library (QPL),,111904262,175000,,
CHILDREN’S SERVICES,City’s First Readers,initiative_provider,,Reach Out and Read of Greater New York,,134080045,175000,,
CHILDREN’S SERVICES,City’s First Readers,initiative_provider,,"Sunset Park Health Council, Inc.",,202508411,47000,,
COMMUNITY DEVELOPMENT,Communities of Color Nonprofit Stabilization Fund,initiative_provider,,"Asian-American Coalition for Children and Families, Inc.",,133682471,533334,,
COMMUNITY DEVELOPMENT,Communities of Color Nonprofit Stabilization Fund,initiative_provider,,"Hispanic Federation, Inc.",,133573842,983333,,
COMMUNITY DEVELOPMENT,Communities of Color Nonprofit Stabilization Fund,initiative_provider,,New York Urban League,,131671035,983333,,
COMMUNITY DEVELOPMENT,Digital Inclusion and Literacy Initiative,initiative_provider,,"Barron BRIC Arts | Media | Bklyn, Inc.",,112547268,20000,,
COMMUNITY DEVELOPMENT,Digital Inclusion and Literacy Initiative,initiative_provider,,"Cabrera Older Adults Technology Services (OATS), Inc.",,550882599,20000,,
COMMUNITY DEVELOPMENT,Digital Inclusion and Literacy Initiative,initiative_provider,,"Chin Older Adults Technology Services (OATS), Inc.",,550882599,20000,,
COMMUNITY DEVELOPMENT,Digital Inclusion and Literacy Initiative,initiative_provider,,"Grodenchik Just-Us, Inc.",,132954007,20000,,
COMMUNITY DEVELOPMENT,Digital Inclusion and Literacy Initiative,initiative_provider,,"CD28 Older Adults Technology Services (OATS), Inc.",,550882599,20000,,
COMMUNITY DEVELOPMENT,Digital Inclusion and Literacy Initiative,initiative_provider,,"Cohen Older Adults Technology Services (OATS), Inc.",,550882599,20000,,
COMMUNITY DEVELOPMENT,Digital Inclusion and Literacy Initiative,initiative_provider,,Constantinides Urban Upbound,,861096987,20000,,
COMMUNITY DEVELOPMENT,Digital Inclusion and Literacy Initiative,initiative_provider,,"Cornegy Older Adults Technology Services (OATS), Inc.",,550882599,20000,,
COMMUNITY DEVELOPMENT,Digital Inclusion and Literacy Initiative,initiative_provider,,"Crowley Coalition for Queens, Inc.",,611652332,20000,,"Cumbo Scenarios USA 13-4117469 * $20,000 Dickens Visual Arts Research and Resource Center Relating to the Caribbean 13-3054001"
COMMUNITY DEVELOPMENT,,initiative_provider,,"Dromm PowerMyLearning, Inc. 13-3935309 * $20,000 Eugene PowerMyLearning, Inc. 13-3935309 * $20,000 Ferreras-Copeland PowerMyLearning, Inc. 13-3935309 * $20,000 Garodnick Older Adults Technology Services (OATS), Inc.",,550882599,20000,,"Gentile NIA Community Services Network, Inc. 11-2697931 * $20,000"
COMMUNITY DEVELOPMENT,,initiative_provider,,"Gibson Older Adults Technology Services (OATS), Inc.",,550882599,20000,,
COMMUNITY DEVELOPMENT,,initiative_provider,,"Greenfield Agudath Israel of America Community Services, Inc.",,133975090,20000,,
COMMUNITY DEVELOPMENT,,initiative_provider,,Johnson Hudson Guild,,135562989,20000,,"Kallos MOUSE, Inc. 13-3973196 * $20,000 Koo Selfhelp Community Services, Inc. 13-1624178 * $20,000"
COMMUNITY DEVELOPMENT,,initiative_provider,,"Koslowitz Coalition for Queens, Inc.",,611652332,20000,,
COMMUNITY DEVELOPMENT,,initiative_provider,,"Lancman Older Adults Technology Services (OATS), Inc.",,550882599,20000,,Page 16
COMMUNITY DEVELOPMENT,,initiative_provider,,"Lander Npower, Inc. 13-4145441 * $20,000 Levine Older Adults Technology Services (OATS), Inc.",,550882599,20000,,
COMMUNITY DEVELOPMENT,,initiative_provider,,"Mark-Viverito Per Scholas, Inc.",,043252955,20000,,
COMMUNITY DEVELOPMENT,,initiative_provider,,"Matteo Jewish Community Center of Staten Island, Inc.",,135562256,20000,,
COMMUNITY DEVELOPMENT,,initiative_provider,,Menchaca Opportunities for a Better Tomorrow,,112934620,20000,,"Mendez PowerMyLearning, Inc. 13-3935309 * $20,000 Miller PowerMyLearning, Inc. 13-3935309 * $20,000"
COMMUNITY DEVELOPMENT,,initiative_provider,,Reynoso Opportunities for a Better Tomorrow,,112934620,20000,,"Richards Community Center of the Rockaway Peninsula, Inc. 11-3064561 * $20,000 Rodriguez Catholic Charities Community Services, Archdiocese of New York 13-5562185"
COMMUNITY DEVELOPMENT,,initiative_provider,,"Rose MOUSE, Inc. 13-3973196 * $20,000 Rosenthal MOUSE, Inc. 13-3973196 * $20,000 Salamanca Just-Us, Inc.",,132954007,20000,,"Torres PowerMyLearning, Inc. 13-3935309 * $20,000"
COMMUNITY DEVELOPMENT,,initiative_provider,,"Treyger Coney Island Generation Gap, The",,208562533,20000,,"Ulrich Catholic Charities Neighborhood Services, Inc. 11-2047151 * $20,000"
COMMUNITY DEVELOPMENT,,initiative_provider,,"Vacca Older Adults Technology Services (OATS), Inc.",,550882599,20000,,"Vallone Selfhelp Community Services, Inc. 13-1624178 * $20,000"
COMMUNITY DEVELOPMENT,,initiative_provider,,"Van Bramer Coalition for Queens, Inc.",,611652332,20000,,
COMMUNITY DEVELOPMENT,,initiative_provider,,"Williams East Flatbush Village, Inc.",,800612019,20000,,
CRIMINAL JUSTICE SERVICES,Alternatives to Incarceration (ATIs),initiative_provider,,"Greenburger Center for Social and Criminal Justice Inc., The",,464188973,150000,,
CRIMINAL JUSTICE SERVICES,Alternatives to Incarceration (ATIs),initiative_provider,,"Legal Action Center of the City of New York, Inc., The",,132756320,223825,,
CRIMINAL JUSTICE SERVICES,Alternatives to Incarceration (ATIs),initiative_provider,,"Network Support Services, Inc.",,271041447,50000,,
CRIMINAL JUSTICE SERVICES,Alternatives to Incarceration (ATIs),initiative_provider,,"Osborne Association, Inc., The",,135563028,482075,,
CRIMINAL JUSTICE SERVICES,Alternatives to Incarceration (ATIs),initiative_provider,,"Police Athletic League, Inc.",,135596811,25000,,
CRIMINAL JUSTICE SERVICES,Alternatives to Incarceration (ATIs),initiative_provider,,"Women's Prison Association's Hopper Home, Inc.",,135596836,525200,,
CRIMINAL JUSTICE SERVICES,Bail Fund,initiative_provider,,"Liberty Fund, Inc.",,383974312,1400000,,
CRIMINAL JUSTICE SERVICES,Center for Court Innovation,initiative_provider,,"Fund for the City of New York, Inc.",Center for Court Innovation,132612524,500000,,
CRIMINAL JUSTICE SERVICES,Initiative to Combat Sexual Assault,initiative_provider,,"Kingsbridge Heights Community Center, Inc. 13-2813809 * $150,000 Icahn School of Medicine at Mount Sinai 13-6171197 * $150,000 New York City Alliance Against Sexual Assault 31-1702032 * $150,000 Safe Horizon, Inc.",,132946970,748000,,
CRIMINAL JUSTICE SERVICES,Support for Victims of Human Trafficking,initiative_provider,,"Community Healthcare Network, Inc. 13-3083068 * $175,000 Fund for the City of New York, Inc.",,132612524,52935,,
CRIMINAL JUSTICE SERVICES,Support for Victims of Human Trafficking,initiative_provider,,"Garden of Hope, Inc.",,200177587,97065,,
CRIMINAL JUSTICE SERVICES,Support for Victims of Human Trafficking,initiative_provider,,"Girls Educational and Mentoring Services, Inc. 13-4150972 * $125,000 Icahn School of Medicine at Mount Sinai 13-6171197 * $75,000 New York Asian Women's Center, Inc.",,133286250,175000,,
CULTURAL ORGANIZATIONS,Coalition of Theaters of Color,initiative_provider,,"Afrikan Poetry Theatre, Inc. 11-2515828 * $29,800 Amas Musical Theatre, Inc. 23-7057226 * $29,800 American Indian Artists (AMERINDA), Inc.",,133515233,29800,,
CULTURAL ORGANIZATIONS,Coalition of Theaters of Color,initiative_provider,,"Billie Holiday Theatre, Inc.",,112336154,123200,,
CULTURAL ORGANIZATIONS,Coalition of Theaters of Color,initiative_provider,,"Black Spectrum Theatre Company, Inc.",,510135262,123200,,
CULTURAL ORGANIZATIONS,Coalition of Theaters of Color,initiative_provider,,Caribbean American Repertory Theatre,,112972441,14600,,
CULTURAL ORGANIZATIONS,Coalition of Theaters of Color,initiative_provider,,"Chinese Theater Works, Inc. 11-2393789 * $29,800 Classical Theatre of Harlem, Inc., The",,134046782,29800,,
CULTURAL ORGANIZATIONS,Coalition of Theaters of Color,initiative_provider,,"Creative Ammo, Inc. 13-4181617 * $14,600 Educational Theater of New York, Inc. 13-4148861 * $14,600 Eugenio Maria De Hostos Community College Foundation",,133116643,29800,,
CULTURAL ORGANIZATIONS,Coalition of Theaters of Color,initiative_provider,,"Friends of Alice Austen House, Inc.",,133248928,37100,,
CULTURAL ORGANIZATIONS,Coalition of Theaters of Color,initiative_provider,,Harlem Artist Development League Especially for You,"H.A.D.L.E.Y. Players 13-3611138 * $113,200 Instituto Arte Teatral Internacional, Inc. 13-3111859 * $29,800 International Arts Relations, Inc. 23-7212492 * $113,200 LAByrinth, Inc. 13-3985592 * $29,800 LaMicro Theater, Inc.",770608611,14600,,
CULTURAL ORGANIZATIONS,Coalition of Theaters of Color,initiative_provider,,"Make the Road New York 11-3344389 * $29,800 Ma-Yi Filipino Theatre Ensemble, Inc.",,133607832,29800,,
CULTURAL ORGANIZATIONS,Coalition of Theaters of Color,initiative_provider,,"Mindbuilders Creative Arts, Inc. 13-2988157 * $29,800 National Asian American Theatre Company, Inc. 13-3486145 * $14,600 National Black Theatre Workshop, Inc.",,132632596,123200,,
CULTURAL ORGANIZATIONS,Coalition of Theaters of Color,initiative_provider,,"Negro Ensemble Company, Inc. 13-6216904 * $113,200 New Federal Theatre, Inc. 13-2814763 * $113,200 New Heritage Theatre Group, Inc.",,132683678,113200,,
CULTURAL ORGANIZATIONS,Coalition of Theaters of Color,initiative_provider,,"Nia Theatrical Production Company, Inc.",,113427470,14600,,
CULTURAL ORGANIZATIONS,Coalition of Theaters of Color,initiative_provider,,"Pan Asian Repertory Theatre, Inc.",,132894709,29800,,
CULTURAL ORGANIZATIONS,Coalition of Theaters of Color,initiative_provider,,"People's Theatre Project 26-4705999 * $29,800 Point Community Development Corporation, The 13-3765140 * $29,800 Rising Circle Theater Collective, Inc. 20-1407519 * $14,600 Second Generation Productions, Inc. 13-3929841 * $14,600 Society for the Preservation of Weeksville and Bedford-Stuyvesant History",,237330454,29800,,
CULTURAL ORGANIZATIONS,Coalition of Theaters of Color,initiative_provider,,"Society of the Educational Arts, Inc. (SEA)",,113210593,113200,,
CULTURAL ORGANIZATIONS,Coalition of Theaters of Color,initiative_provider,,"Take Wing and Soar Productions, Inc. 14-1885605 * $14,600 Teatro Circulo, Ltd. 13-3805585 * $29,800 Thalia Spanish Theatre, Inc.",,237448611,115200,,
CULTURAL ORGANIZATIONS,Ghetto Film School (GFS) Accelerator Program Model,initiative_provider,,Ghetto Film School (GFS),,134127229,260000,,
DOMESTIC VIOLENCE SERVICES,Supportive Alternatives to Violent Encounters (SAVE),initiative_provider,,"CONNECT, Inc.",,020694269,600000,,
EDUCATION,Dropout Prevention and Intervention Initiative,initiative_provider,,Bank Street College of Education,,135562167,250000,,
EDUCATION,Dropout Prevention and Intervention Initiative,initiative_provider,,"Committee for Hispanic Children and Families, Inc., The",,112622003,55000,,
EDUCATION,Dropout Prevention and Intervention Initiative,initiative_provider,,"Counseling in Schools, Inc.",,133637647,63000,,
EDUCATION,Dropout Prevention and Intervention Initiative,initiative_provider,,CUNY Creative Arts Team,,131988190,30000,,
EDUCATION,Dropout Prevention and Intervention Initiative,initiative_provider,,"East Side House, Inc.",,131623989,30000,,
EDUCATION,Dropout Prevention and Intervention Initiative,initiative_provider,,"Educational Testing Services 21-0634479 * $207,000 El Puente de Williamsburg, Inc. 11-2614265 * $33,000 Fund for the City of New York",,132612524,350000,,
EDUCATION,Dropout Prevention and Intervention Initiative,initiative_provider,,Good Shepherds Services,,461227433,207000,,
EDUCATION,Dropout Prevention and Intervention Initiative,initiative_provider,,"Make the Road New York 11-3344389 * $30,000 Mentoring USA, Inc. 13-3808013 * $30,000 New York WEB Center, Inc.",,205620848,30000,,
EDUCATION,Educational Programs for Students,initiative_provider,,"Chess in the Schools, Inc. 13-6119036 * $400,000 MOUSE, Inc. 13-3973196 * $275,000 Expanded Schools, Inc.",,134004600,1550000,,
EDUCATION,Educational Programs for Students,initiative_provider,,Department of Education,,136400434,750000,,
EDUCATION,Physical Education and Fitness,initiative_provider,,Department of Education,,136400434,1125000,,
EDUCATION,Restorative Justice Program,initiative_provider,,Department of Education,,136400434,1000000,,
EDUCATION,Restorative Justice Program,initiative_provider,,New York Peace Institute,,451964622,50000,,
EDUCATION,Support for Educators,initiative_provider,,"Council of School Supervisors and Administrators 11-2024569 * $450,000 Department of Education",,136400434,12294500,,
FOOD INITIATIVES,Access to Food and Nutritional Education,initiative_provider,,"Council on the Environment, Inc. 13-2765465 * $335,000 Harvest Home Farmer’s Market, Inc. 06-1800512 * $95,000 West Harlem Group Assistance",,237169558,125000,,
FOOD INITIATIVES,Access to Food and Nutritional Education,initiative_provider,,"Cypress Hills Local Development Corporation 11-2683663 * $125,000 Crenulated Company LTD, The 14-1719016 * $125,000 Northeast Brooklyn Housing Development Corporation",,112737223,125000,,
FOOD INITIATIVES,Food Access and Benefits,initiative_provider,,Food Bank for New York City,,133179546,625000,,
FOOD INITIATIVES,Food Access and Benefits,initiative_provider,,New York City Coalition Against Hunger,,133471350,100000,,
HEALTH SERVICES,Access Health,initiative_provider,,"Asian-American Coalition for Children and Families, Inc.",,133682471,75000,,
HEALTH SERVICES,Access Health,initiative_provider,,Bedford Stuyvesant Family Health Center,,112412205,52692,,
HEALTH SERVICES,Access Health,initiative_provider,,BOOM! Health,,133599121,105388,,
HEALTH SERVICES,Access Health,initiative_provider,,Care for the Homeless,,133666994,70000,,
HEALTH SERVICES,Access Health,initiative_provider,,"Centro Altagracia de Fe y Justicia 161765323 * $52,692 Community Health Center of Richmond 510567466 * $52,692 Community Healthcare Network 133083068 * $52,692 Community Service Society of New York",,135562202,90000,,
HEALTH SERVICES,Access Health,initiative_provider,,Federation of Protestant Welfare Agencies,,135562220,75000,,
HEALTH SERVICES,Access Health,initiative_provider,,HANAC,,112290832,52692,,
HEALTH SERVICES,Access Health,initiative_provider,,"Make the Road New York 113344389 * $52,692 New York Immigration Coalition",,133573409,75000,,
HEALTH SERVICES,Access Health,initiative_provider,,Sunset Park Health Council,,202508411,52692,,
HEALTH SERVICES,Access Health,initiative_provider,,United Chinese Association of Brooklyn,,371469112,52692,,
HEALTH SERVICES,Cancer Services,initiative_provider,,Astoria/Queens Share-ing and Care-ing,,113220371,150000,,
HEALTH SERVICES,Cancer Services,initiative_provider,,"Charles B. Wang Community Health Center 13-2739694 * $50,000 Gilda's Club New York",,134046652,50000,,
HEALTH SERVICES,Cancer Services,initiative_provider,,Health + Hospitals,,132655001,91000,,
HEALTH SERVICES,Cancer Services,initiative_provider,,"New York Cancer Center 27-2464042 * $50,000 Ralph Lauren Center for Cancer Care and Prevention 02-0597827 * $100,000 Richmond University Medical Center",,743177454,50000,,
HEALTH SERVICES,Cancer Services,initiative_provider,,Self-Help for Women with Breast or Ovarian Cancer (SHARE),,133131914,150000,,
HEALTH SERVICES,Cancer Services,initiative_provider,,"Staten Island University Hospital 11-2868878 * $50,000 Tell Every Amazing Lady About Ovarian Cancer Found. (TEAL)",,264417161,49500,,
HEALTH SERVICES,Child Health and Wellness,initiative_provider,,"American Lung Association of the City of New York 13-5563004 * $78,000 New York University College of Dentistry 13-5562308 * $268,000 Harlem Hospital Center",,133092676,300000,,
HEALTH SERVICES,Maternal and Child Health Services,initiative_provider,,"Choices in Childbirth 20-2015286 * $32,000 Community Health Center of Richmond, Inc. 51-0567466 * $11,520 Community Healthcare Network 13-3083068 * $84,633 Diaspora Community Services 11-3122295 * $29,157 Fort Greene Strategic Neighborhood Action Partnership 11-3343941 * $11,253 Greater Brooklyn Health Coalition 11-3484928 * $29,157 Health + Hospitals",,136400434,25799,,
HEALTH SERVICES,Maternal and Child Health Services,initiative_provider,,"Joseph P. Addabbo Family Health Center 06-1181226 * $29,235 Lower East Side Family Union 23-7412423 * $27,891 Morris Heights Health Center 06-1081232 * $22,320 Mount Sinai Hospital 13-1624096 * $123,541 Queens Comprehensive Perinatal Council 11-2870422 * $35,484 Richmond Medical Center d/b/a Richmond University Medical Center",,743177454,20757,,
HEALTH SERVICES,Maternal and Child Health Services,initiative_provider,,"SCO Family of Services 11-2777066 * $162,203 Urban Health Plan 23-7360305 * $22,320 William F. Ryan Community Health Center",,132884976,27891,,
HEALTH SERVICES,Reproductive and Sexual Health Services,initiative_provider,,Planned Parenthood of New York City,,132621497,160000,,
HEALTH SERVICES,Reproductive and Sexual Health Services,initiative_provider,,"Community Health Project, Inc.",,133409680,100000,,
HEALTH SERVICES,Viral Hepatitis Prevention,initiative_provider,,African Services Committee,,133749744,40410,,
HEALTH SERVICES,Viral Hepatitis Prevention,initiative_provider,,Bedford Stuyvesant Family Health Center,,112412205,53880,,
HEALTH SERVICES,Viral Hepatitis Prevention,initiative_provider,,Health + Hospital,Bellevue Hospital,136400434,120000,,
HOMELESS SERVICES,Children and Families in NYC Homeless System,initiative_provider,,"BronxWorks, Inc.",,133254484,235000,,
HOMELESS SERVICES,Children and Families in NYC Homeless System,initiative_provider,,"CAMBA, Inc.",,112480339,235000,,
HOMELESS SERVICES,Children and Families in NYC Homeless System,initiative_provider,,Henry Street Settlement,,131562242,235000,,
HOMELESS SERVICES,Children and Families in NYC Homeless System,initiative_provider,,"Homeless Services United, Inc. 13-3922640 * $23,000 Project Hospitality, Inc.",,133234441,37000,,
HOMELESS SERVICES,Children and Families in NYC Homeless System,initiative_provider,,"Women In Need, Inc.",,133164477,235000,,
HOMELESS SERVICES,Homeless Prevention Fund,initiative_provider,,Coalition for the Homeless,,133072967,492000,,
HOMELESS SERVICES,Homeless Prevention Fund,initiative_provider,,Community Service Society,,135562202,164000,,
HOUSING,Anti-Eviction and Housing Court Resources,initiative_provider,,"Housing Court Answers, Inc. 13-3317188 * $650,000 Brooklyn Legal Services Corporation A",,132605599,207500,,
HOUSING,Anti-Eviction and Housing Court Resources,initiative_provider,,Goddard Riverside Community Center,,131893908,775000,,
HOUSING,Anti-Eviction and Housing Court Resources,initiative_provider,,Legal Aid Society,,135562265,311500,,
HOUSING,Anti-Eviction and Housing Court Resources,initiative_provider,,Legal Aid Society,,135562265,410000,,
HOUSING,Anti-Eviction and Housing Court Resources,initiative_provider,,Legal Aid Society,,135562265,657000,,
HOUSING,Anti-Eviction and Housing Court Resources,initiative_provider,,Legal Aid Society,,135562265,234500,,
HOUSING,Anti-Eviction and Housing Court Resources,initiative_provider,,Legal Aid Society,,135562265,172000,,
HOUSING,Anti-Eviction and Housing Court Resources,initiative_provider,,LSNY Bronx Corp.,,161759590,219000,,
HOUSING,Anti-Eviction and Housing Court Resources,initiative_provider,,"South Brooklyn Legal Services, Inc.",,132605605,758000,,
HOUSING,Anti-Eviction and Housing Court Resources,initiative_provider,,Manhattan Legal Services,,132613958,364000,,
HOUSING,Anti-Eviction and Housing Court Resources,initiative_provider,,"MFY Legal Services, Inc.",,132622748,435000,,
HOUSING,Anti-Eviction and Housing Court Resources,initiative_provider,,Northern Manhattan Improvement Corporation,,132972415,201000,,
HOUSING,Community Housing Preservation Strategies,initiative_provider,,"Association for Neighborhood and Housing Development 13-2775999 * $100,000 Agudath Israel of America Community Services, Inc.",,133975090,51000,,
HOUSING,Community Housing Preservation Strategies,initiative_provider,,"Agudath Israel of America Community Services, Inc.",,133975090,51000,,
HOUSING,Community Housing Preservation Strategies,initiative_provider,,Asian Americans for Equality,,133187792,51000,,
HOUSING,Community Housing Preservation Strategies,initiative_provider,,Belmont Arthur Avenue Local Development Organization,,133020589,71000,,
HOUSING,Community Housing Preservation Strategies,initiative_provider,,"Bridge Street Development Corporation 11-3250772 * $71,000 Catholic Migration Services, Inc. 11-2634818 * $51,000 Catholic Migration Services, Inc. 11-2634818 * $51,000 Chhaya Community Development Corporation",,113580935,61000,,
HOUSING,Community Housing Preservation Strategies,initiative_provider,,"El Barrio's Operation Fightback , Inc. 13-3248777 * $61,000 Fifth Avenue Committee, Inc.",,112475743,51000,,
HOUSING,Community Housing Preservation Strategies,initiative_provider,,"Good Old Lower East Side, Inc. 13-2915659 * $51,000 Housing and Family Services of Greater New York, Inc.",,112412584,71000,,
HOUSING,Community Housing Preservation Strategies,initiative_provider,,"Housing and Family Services of Greater New York, Inc.",,112412584,61000,,
HOUSING,Community Housing Preservation Strategies,initiative_provider,,"Housing Conservation Coordinators, Inc. 51-0141489 * $61,000 Jewish Community Council of Greater Coney Island, Inc.",,112665181,51000,,
HOUSING,Community Housing Preservation Strategies,initiative_provider,,"Neighborhood Housing Services of New York City, Inc.","North Bronx 13-3098397 * $61,000 Neighborhood Housing Services of Brooklyn CDC, Inc. 47-1169779 * $71,000 Neighborhood Housing Services of Brooklyn CDC, Inc. 47-1169779 * $71,000 Neighborhood Housing Services of Brooklyn CDC, Inc. 47-1169779 * $51,000 Neighborhood Housing Services of Jamaica, Inc. 23-7398279 * $71,000 Neighborhood Housing Services of Jamaica, Inc. 23-7398279 * $51,000 Neighborhood Initiatives Development Corporation (NIDC) 13-3110811 * $61,000 Neighbors Helping Neighbors, Inc.",113059958,51000,,
HOUSING,Community Housing Preservation Strategies,initiative_provider,,Northern Manhattan Improvement Corporation,,132972415,61000,,
HOUSING,Community Housing Preservation Strategies,initiative_provider,,Northern Manhattan Improvement Corporation,,132972415,61000,,
HOUSING,Community Housing Preservation Strategies,initiative_provider,,"Northfield Community LDC of Staten Island, Inc. 13-2974137 * $61,000 The Parodneck Foundation",,112229635,61000,,
HOUSING,Community Housing Preservation Strategies,initiative_provider,,"Pratt Area Community Council, Inc. 11-2451752 * $61,000 Queens Community House, Inc.",,112375583,51000,,
HOUSING,Community Housing Preservation Strategies,initiative_provider,,"Ridgewood Bushwick Senior Citizens Council, Inc.",,112453853,61000,,
HOUSING,Community Housing Preservation Strategies,initiative_provider,,Southside United Housing Development Corp,,112268359,61000,,
HOUSING,Community Housing Preservation Strategies,initiative_provider,,"St. Nick's Alliance Corporation 51-0192170 * $61,000 Urban Justice Center",,133442022,51000,,
HOUSING,Community Housing Preservation Strategies,initiative_provider,,Urban Justice Center,,133442022,51000,,
HOUSING,Community Housing Preservation Strategies,initiative_provider,,Urban Justice Center,,133442022,71000,,
HOUSING,Community Housing Preservation Strategies,initiative_provider,,Urban Justice Center,,133442022,51000,,
HOUSING,Community Housing Preservation Strategies,initiative_provider,,Urban Justice Center,,133442022,61000,,
HOUSING,Community Housing Preservation Strategies,initiative_provider,,West Bronx Housing and Neighborhood Resource Center,,132941841,71000,,
HOUSING,Community Housing Preservation Strategies,initiative_provider,,West Harlem Group Assistance,,237169558,61000,,
HOUSING,Community Housing Preservation Strategies,initiative_provider,,Belmont Arthur Avenue Local Development Corporation,,133020589,29729,,
HOUSING,Community Housing Preservation Strategies,initiative_provider,,"Bridge Street Development Corporation 11-3250772 * $29,729 Brighton Neighborhood Association, Inc.",,112435523,29729,,
HOUSING,Community Housing Preservation Strategies,initiative_provider,,"Central Astoria Local Development Coalition, Inc.",,112412584,29729,,
HOUSING,Community Housing Preservation Strategies,initiative_provider,,"Clinton Housing Development Company, Inc. 11-2652331 * $29,729 Community League of the Heights, Inc.",,132851988,29729,,
HOUSING,Community Housing Preservation Strategies,initiative_provider,,"El Barrio’s Operation Fightback, Inc. 13-2564241 * $29,729 Eviction Intervention Services Homelessness Prevention, Inc.",,133248777,29729,,
HOUSING,Community Housing Preservation Strategies,initiative_provider,,"Good Old Lower East Side, Inc. 13-3311582 * $29,729 Gowanus Canal Community Development Corporation 13-2915659 * $29,729 Greater Ridgewood Restoration Corporation",,112498292,29730,,
HOUSING,Community Housing Preservation Strategies,initiative_provider,,"Harlem Congregations for Community Improvement, Inc. 11-2382250 * $29,730 Housing and Family Services of Greater New York, Inc.",,133516262,29730,,
HOUSING,Community Housing Preservation Strategies,initiative_provider,,"Housing Conservation Coordinators, Inc. 51-0141489 * $29,730 Housing Court Answers, Inc. 13-3317188 * $29,730 Hudson Guild",,135562989,29730,,
HOUSING,Community Housing Preservation Strategies,initiative_provider,,"Lenox Hill Neighborhood House, Inc.",,131628180,29730,,
HOUSING,Community Housing Preservation Strategies,initiative_provider,,"MFY Legal Services, Inc.",,132622748,29730,,
HOUSING,,initiative_provider,,"Neighborhood Housing Services of Brooklyn CDC, Inc. 47-1169779 * $29,730 Neighborhood Housing Services of Jamaica, Inc. 23-7398279 * $29,730 Neighborhood Housing Services of New York City, Inc.",North Bronx,133098397,29730,,
HOUSING,,initiative_provider,,"Neighborhood Initiatives Development Corporation (NIDC) 13-3110811 * $29,730 North Brooklyn Development Corporation",,112555446,29730,,
HOUSING,,initiative_provider,,"Northfield Community LDC of Staten Island, Inc. 13-2974137 * $29,730 Northwest Bronx Community and Clergy Coalition, Inc. 13-2806160 * $29,730 Peoples Firehouse, Inc. 11-2470566 * $29,730 Queens Community House, Inc.",,112375583,29730,,
HOUSING,,initiative_provider,,"Queensboro Council for Social Welfare, Inc. 11-1817497 * $29,730 Ridgewood Bushwick Senior Citizens Council, Inc.",,112453853,29730,,
HOUSING,,initiative_provider,,"Staten Island Center for Independent Living, Inc. 13-3266398 * $29,730 Strycker's Bay Neighborhood Council, Inc. 13-1943516 * $29,730 United Jewish Council of the East Side, Inc.",,132735378,29730,,
HOUSING,,initiative_provider,,Urban Justice Center,,133442022,29730,,
HOUSING,,initiative_provider,,West Bronx Housing and Neighborhood Resource Center,,132941841,29730,,
HOUSING,,initiative_provider,,"West Side Federation for Senior Supportive Housing, Inc. 13-2926433 * $29,730 Woodside on the Move, Inc.",,112435565,29730,,
HOUSING,HPD Home Loan Program – Project Help,initiative_provider,,"Neighborhood Housing Services of New York City, Inc.",,133098397,1500000,,
HOUSING,Stabilizing NYC,initiative_provider,,Asian Americans for Equality,,133187792,70000,,
HOUSING,Stabilizing NYC,initiative_provider,,Chhaya Community Development Corporation,,113580935,70000,,
HOUSING,Stabilizing NYC,initiative_provider,,Cooper Square Community Development Committee,,132666211,50000,,
HOUSING,Stabilizing NYC,initiative_provider,,"Crenulated Company LTD, The 14-1719016 * $70,000 Flatbush Tenant Coalition",,510188251,70000,,
HOUSING,Stabilizing NYC,initiative_provider,,"Good Old Lower East Side, Inc. 13-2915659 * $70,000 Northwest Bronx Community and Clergy Coalition, Inc. 13-2806160 * $70,000 St. Nick's Alliance Corporation 51-0192170 * $50,000 Urban Homesteading Assistance Board, Inc. 13-2902798 * $65,000 Urban Justice Center",,133442022,245000,,
HOUSING,Stabilizing NYC,initiative_provider,,"Woodside on the Move, Inc.",,112435565,70000,,
IMMIGRANT SERVICES,Immigrant Health Initiative,initiative_provider,,Academy of Medical and Public Health Services,,272206293,50000,,
IMMIGRANT SERVICES,Immigrant Health Initiative,initiative_provider,,"African Services Committee, Inc.",,133749744,50000,,
IMMIGRANT SERVICES,Immigrant Health Initiative,initiative_provider,,Bellevue/NYU Program for Survivors of Torture,,136400434,75000,,
IMMIGRANT SERVICES,Immigrant Health Initiative,initiative_provider,,"Charles B. Wang Community Health Center, Inc. 13-2739694 * $75,000 Child Center of New York, Inc., The",,111733454,50000,,
IMMIGRANT SERVICES,Immigrant Health Initiative,initiative_provider,,"Children’s Health Fund, The 13-3468427 * $75,000 Grameen Primacare, Inc. 46-3181224 * $50,000 Health & Hospitals Corporation",,136400434,300000,,
IMMIGRANT SERVICES,Immigrant Health Initiative,initiative_provider,,"Institute for Family Health, The 13-3273402 * $100,000 Make the Road New York 11-3344389 * $50,000 Memorial Sloan-Kettering Cancer Center 13-1924236 * $200,000 New York and Presbyterian Hospital, The 13-3957095 * $50,000 New York Lawyers for the Public Interest, Inc.",,132860703,250000,,
IMMIGRANT SERVICES,Immigrant Health Initiative,initiative_provider,,"Sanctuary for Families, Inc.",,133193119,75000,,
IMMIGRANT SERVICES,Immigrant Opportunities Initiative,initiative_provider,,"African Services Committee, Inc.",,133749744,27000,,
IMMIGRANT SERVICES,Immigrant Opportunities Initiative,initiative_provider,,"Boys & Girls Club Of Metro Queens, Inc.",,111966067,45000,,
IMMIGRANT SERVICES,Immigrant Opportunities Initiative,initiative_provider,,"Brooklyn Chinese-American Association, Inc.",,113065859,25000,,
IMMIGRANT SERVICES,Immigrant Opportunities Initiative,initiative_provider,,Brooklyn Defender Services,,113305406,20000,,
IMMIGRANT SERVICES,Immigrant Opportunities Initiative,initiative_provider,,"CAMBA, Inc.",,112480339,20000,,
IMMIGRANT SERVICES,Immigrant Opportunities Initiative,initiative_provider,,"Caribbean Women's Health Association, Inc. 13-3323168 * $25,000 Central American Legal Assistance",,112859151,84000,,
IMMIGRANT SERVICES,Immigrant Opportunities Initiative,initiative_provider,,"City University of New York School of Law Foundation, Inc., The",,113235349,24000,,
IMMIGRANT SERVICES,Immigrant Opportunities Initiative,initiative_provider,,"Committee for Hispanic Children and Families, Inc., The",,112622003,58000,,
IMMIGRANT SERVICES,Immigrant Opportunities Initiative,initiative_provider,,"Comprehensive Development, Inc. 13-3861648 * $24,000 Council of Jewish Organizations of Flatbush, Inc.",,112864728,60000,,
IMMIGRANT SERVICES,Immigrant Opportunities Initiative,initiative_provider,,"Emerald Isle Immigration Center 11-2932528 * $178,000 HANAC, Inc.",,112290832,100000,,
IMMIGRANT SERVICES,Immigrant Opportunities Initiative,initiative_provider,,"HIV Law Project, Inc., The 13-3730564 * $38,000 Housing Conservation Coordinators, Inc. 51-0141489 * $38,000 Immigrant Justice Corps. 46-4879076 * $200,000 Legal Services NYC",,132600199,425000,,
IMMIGRANT SERVICES,Immigrant Opportunities Initiative,initiative_provider,,"MFY Legal Services, Inc.",,132622748,126000,,
IMMIGRANT SERVICES,Immigrant Opportunities Initiative,initiative_provider,,"Neighborhood Defender Service, Inc. 06-1296692 * $50,000 New York Legal Assistance Group, Inc. 13-3505428 * $440,000 Northern Manhattan Improvement Corporation",,132972415,38000,,
IMMIGRANT SERVICES,Immigrant Opportunities Initiative,initiative_provider,,"Polish and Slavic Center, Inc. 11-2285970 * $20,000 Safe Horizon, Inc.",,132946970,20000,,
IMMIGRANT SERVICES,Immigrant Opportunities Initiative,initiative_provider,,"Sanctuary for Families, Inc.",,133193119,200000,,
IMMIGRANT SERVICES,Immigrant Opportunities Initiative,initiative_provider,,"SBH Community Service Network, Inc. (Sephardic Bikur Cholim) 23-7406410 * $25,000 Southside Mission Of Transfiguration Church",,112306447,65000,,
IMMIGRANT SERVICES,Immigrant Opportunities Initiative,initiative_provider,,"United Jewish Organizations of Williamsburg, Inc.",,112728233,20000,,
IMMIGRANT SERVICES,Immigrant Opportunities Initiative,initiative_provider,,"West Bronx Housing and Neighborhood Resource Center, Inc.",,132941841,25000,,
IMMIGRANT SERVICES,New York Immigrant Population,initiative_provider,,New York Immigrant Coalition,,133573409,700000,,
IMMIGRANT SERVICES,New York Immigrant Family Unity Project,initiative_provider,,"Bronx Defenders 13-3931074 * $2,076,667 Brooklyn Defenders Services",,113305406,2076666,,
IMMIGRANT SERVICES,New York Immigrant Family Unity Project,initiative_provider,,Legal Aid Society,,135562265,2076666,,
IMMIGRANT SERVICES,Unaccompanied Minors and Families,initiative_provider,,"Catholic Charities Community Services, Archdiocese of New York",,135562185,166666,,
IMMIGRANT SERVICES,Unaccompanied Minors and Families,initiative_provider,,Central American Legal Assistance,,112859151,166667,,
IMMIGRANT SERVICES,Unaccompanied Minors and Families,initiative_provider,,Legal Aid Society,,135562265,166667,,
LEGAL SERVICES,Legal Services for Low-Income New Yorkers,initiative_provider,,"Center for Family Representation 51-0419496 * $250,000 Legal Aid Society",,135562265,2000000,,
LEGAL SERVICES,Legal Services for Low-Income New Yorkers,initiative_provider,,Legal Services NYC,,132600199,2000000,,
LEGAL SERVICES,Legal Services for the Working Poor,initiative_provider,,Asian Americans for Equality,,133187792,100000,,
LEGAL SERVICES,Legal Services for the Working Poor,initiative_provider,,Brooklyn Legal Services Corporation A,,132605599,100000,,
LEGAL SERVICES,Legal Services for the Working Poor,initiative_provider,,"CAMBA, Inc.",,112480339,305000,,
LEGAL SERVICES,Legal Services for the Working Poor,initiative_provider,,"Housing Conservation Coordinators, Inc. 51-0141489 * $305,000 MFY Legal Services, Inc.",,132622748,305000,,
LEGAL SERVICES,Legal Services for the Working Poor,initiative_provider,,Northern Manhattan Improvement Corporation,,132972415,305000,,
LEGAL SERVICES,Legal Services for the Working Poor,initiative_provider,,Urban Justice Center,,133442022,305000,,
LEGAL SERVICES,Prisoners’ Rights Project,initiative_provider,,Legal Aid Society,,135562265,750000,,
MENTAL HEALTH SERVICES,Autism Awareness,initiative_provider,,Association for Metroarea Autistic Children,,131974582,69903,,
MENTAL HEALTH SERVICES,Autism Awareness,initiative_provider,,"Eden II School for Autistic Children 13-2872916 * $70,031 Grace Foundation of New York",,134131863,32372,,
MENTAL HEALTH SERVICES,Autism Awareness,initiative_provider,,"Page 71 Heartshare Human Services of New York 11-1633549 * $78,540 Imagine Foundation 20-2336717 * $70,031 Jewish Board of Family and Children's Services",,135564937,78540,,
MENTAL HEALTH SERVICES,Autism Awareness,initiative_provider,,Jewish Community Center in Manhattan,,133490745,17183,,
MENTAL HEALTH SERVICES,Autism Awareness,initiative_provider,,Job Path,,134038495,62250,,
MENTAL HEALTH SERVICES,Autism Awareness,initiative_provider,,Lifespire,,132526022,90548,,
MENTAL HEALTH SERVICES,Autism Awareness,initiative_provider,,Mosholu-Montefiore Community Center,,133622107,22132,,
MENTAL HEALTH SERVICES,Autism Awareness,initiative_provider,,My Time,,680646329,105047,,
MENTAL HEALTH SERVICES,Autism Awareness,initiative_provider,,New York Families for Autistic Children,,113442879,94665,,
MENTAL HEALTH SERVICES,Autism Awareness,initiative_provider,,New York University,"Langone Medical Center 13-5562308 * $30,000 OHEL Children's Home and Family Services",116078704,63263,,
MENTAL HEALTH SERVICES,Autism Awareness,initiative_provider,,"QSAC, Inc.",,112482974,64970,,
MENTAL HEALTH SERVICES,Autism Awareness,initiative_provider,,"Ramapo for Children 13-5600422 * $74,187 Reach for the Stars Learning Center 20-3042280 * $30,000 Resources for Children with Special Needs",,112594790,66938,,
MENTAL HEALTH SERVICES,Autism Awareness,initiative_provider,,Samuel Field YM & YWHA,,113071518,18526,,
MENTAL HEALTH SERVICES,Autism Awareness,initiative_provider,,"Shield of David 13-1740041 * $88,136 Shorefront YM-YWHA of Brighton-Manhattan Beach",,113070228,45046,,
MENTAL HEALTH SERVICES,Autism Awareness,initiative_provider,,"United Cerebral Palsy of New York City 13-5654532 * $13,078 Yaldeinu School, Inc.",,263373908,30000,,
MENTAL HEALTH SERVICES,Children Under Five,initiative_provider,,Safe Horizon,,132946970,115385,,
MENTAL HEALTH SERVICES,Children Under Five,initiative_provider,,Safe Space NYC,,111711014,230769,,
MENTAL HEALTH SERVICES,Court-Involved Youth Mental Health Initiative,initiative_provider,,"Astor Services for Children & Families 14-1397918 * $150,000 Catholic Charities Neighborhood Services 11-2047151 * $130,000 Center for Alternative Sentencing & Employ. Services (CASES) 13-2668080 * $150,000 Child Center of New York, The",,111733454,85000,,
MENTAL HEALTH SERVICES,Court-Involved Youth Mental Health Initiative,initiative_provider,,"Children's Aid Society, The 13-5562191 * $100,000 Coalition of Behavioral Health Agencies, The 13-2729071 * $145,000 Fortune Society, The 13-2645436 * $150,000 Good Shepherd Services",,135598710,83000,,
MENTAL HEALTH SERVICES,Court-Involved Youth Mental Health Initiative,initiative_provider,,Jewish Child Care Association,,131624060,150000,,
MENTAL HEALTH SERVICES,Court-Involved Youth Mental Health Initiative,initiative_provider,,New Alternatives for Children,,133149298,83000,,
MENTAL HEALTH SERVICES,Court-Involved Youth Mental Health Initiative,initiative_provider,,Northside Center for Child Development,,131656679,83000,,
MENTAL HEALTH SERVICES,Court-Involved Youth Mental Health Initiative,initiative_provider,,"Osborne Association, The",,135563028,83000,,
MENTAL HEALTH SERVICES,Court-Involved Youth Mental Health Initiative,initiative_provider,,"Puerto Rican Orgnz To Motivate Enlighten & Serve Addicts, Inc. 13-2663328 * $83,000 Safe Horizon",,132946970,125000,,
MENTAL HEALTH SERVICES,Services,initiative_provider,,Bowery Residents Committee,,132736659,38103,,
MENTAL HEALTH SERVICES,Services,initiative_provider,,"Catholic Charities Neighborhood Services 11-2047151 * $31,103 Child Center of New York, The",,111733454,76103,,
MENTAL HEALTH SERVICES,Services,initiative_provider,,"Epilepsy Institute, The 13-2608325 * $189,103 Greenwich House, Inc. 13-5562204 * $27,103 Hamilton-Madison House 13-5562412 * $38,103 Institute for Community Living",,133306195,249103,,
MENTAL HEALTH SERVICES,Services,initiative_provider,,"Inwood Community Services 13-3087407 * $36,103 Jamaica Service Program for Older Adults (JSPOA) 51-0204121 * $204,103 Jewish Board of Family and Children's Services",,135564937,132103,,
MENTAL HEALTH SERVICES,Services,initiative_provider,,"Long Island Jewish Medical Center 11-2241326 * $106,103 Mental Health Providers of Western Queens 11-2700062 * $60,103 Montefiore Medical Center 13-1740114 * $70,429 NYSARC",,135596746,194103,,
MENTAL HEALTH SERVICES,Services,initiative_provider,,OHEL Children's Home and Family Services,,116078704,42103,,
MENTAL HEALTH SERVICES,Services,initiative_provider,,"PSCH (Kingsboro Psychiatric Center) 11-2542430 * $132,103 St. Ann's Corner of Harm Reduction 13-3724008 * $92,107 St. Luke's-Roosevelt Hospital Center 13-2997301 * $41,103 Staten Island Mental Health Society",,135623279,107103,,
MENTAL HEALTH SERVICES,Services,initiative_provider,,Sunset Park Health Council,,202508411,273103,,
MENTAL HEALTH SERVICES,Geriatric Mental Health,initiative_provider,,"Bridge, The",,131919799,81000,,
MENTAL HEALTH SERVICES,Geriatric Mental Health,initiative_provider,,Bronx Jewish Community Council,,132744533,81000,,
MENTAL HEALTH SERVICES,Geriatric Mental Health,initiative_provider,,BronxWorks,,133254484,86000,,
MENTAL HEALTH SERVICES,Geriatric Mental Health,initiative_provider,,"Catholic Charities Neighborhood Services 11-2047151 * $86,000 Chinese-American Planning Council",,136202692,86000,,
MENTAL HEALTH SERVICES,Geriatric Mental Health,initiative_provider,,East Side House,,131623989,81000,,
MENTAL HEALTH SERVICES,Geriatric Mental Health,initiative_provider,,Grand Street Settlement,,135562230,86000,,
MENTAL HEALTH SERVICES,Geriatric Mental Health,initiative_provider,,Hudson Guild,,135562989,86000,,
MENTAL HEALTH SERVICES,Geriatric Mental Health,initiative_provider,,"Lenox Hill Hospital 13-1624070 * $81,000 Lenox Hill Neighborhood House",,131628180,86000,,
MENTAL HEALTH SERVICES,Geriatric Mental Health,initiative_provider,,Project Hospitality,,133234441,81000,,
MENTAL HEALTH SERVICES,Geriatric Mental Health,initiative_provider,,"Riverdale Mental Health Association 13-1930700 * $118,000 Riverdale Senior Services",,237357997,122000,,
MENTAL HEALTH SERVICES,Geriatric Mental Health,initiative_provider,,Riverstone Senior Life Services,,133355074,81000,,
MENTAL HEALTH SERVICES,Geriatric Mental Health,initiative_provider,,Samuel Field YM & YWHA,,113071518,104000,,
MENTAL HEALTH SERVICES,Geriatric Mental Health,initiative_provider,,"SBH Community Service Network (Sephardic Bikur Cholim) 23-7406410 * $63,000 Services and Advocacy for GLBT Elders (SAGE) 13-2947657 * $86,000 Spanish Speaking Elderly Council","RAICES 11-2730462 * $83,000 St. Barnabas Hospital",131740122,82000,,
MENTAL HEALTH SERVICES,Geriatric Mental Health,initiative_provider,,Sunnyside Community Service,,510189327,86000,,
MENTAL HEALTH SERVICES,LGBTQ Youth All-Borough Mental Health Initiative,initiative_provider,,Hetrick Martin Institute,,133104537,1000000,,
MENTAL HEALTH SERVICES,Medicaid Redesign Transition,initiative_provider,,"Amida Care 13-4154068 * $50,000 Astor Services for Children & Families 14-1397918 * $50,000 Catholic Charities Neighborhood Services 11-2047151 * $50,000 Jewish Board of Family and Children's Services",,135564937,100000,,
MENTAL HEALTH SERVICES,Medicaid Redesign Transition,initiative_provider,,New Alternatives for Children,,133149298,50000,,
MENTAL HEALTH SERVICES,Medicaid Redesign Transition,initiative_provider,,"QSAC, Inc.",,112482974,50000,,
MENTAL HEALTH SERVICES,Mental Health Services for Vulnerable Populations,initiative_provider,,"Bailey House, Inc.",,133165187,125000,,
MENTAL HEALTH SERVICES,Mental Health Services for Vulnerable Populations,initiative_provider,,Brooklyn Bureau of Community Services,,111630780,49000,,
MENTAL HEALTH SERVICES,Mental Health Services for Vulnerable Populations,initiative_provider,,Center for Urban and Community Services,,133687891,100000,,
MENTAL HEALTH SERVICES,Mental Health Services for Vulnerable Populations,initiative_provider,,"Child Center of New York, The",,111733454,45000,,
MENTAL HEALTH SERVICES,Mental Health Services for Vulnerable Populations,initiative_provider,,"Children's Aid Society, The 13-5562191 * $95,000 Coalition of Behavioral Health Agencies, The 13-2729071 * $85,000 Greenwich House 13-5562204 * $50,000 New Alternatives for Children",,133149298,47295,,
MENTAL HEALTH SERVICES,Mental Health Services for Vulnerable Populations,initiative_provider,,"Riverdale Mental Health Association 13-1930700 * $50,000 Samaritans of New York",,133164464,297000,,
SENIOR SERVICES,Access to Critical Services for Seniors,initiative_provider,,"Metropolitan New York Coordinating Council on Jewish Poverty, Inc.",,132738818,1180000,,
SENIOR SERVICES,Elder Abuse Enhancement,initiative_provider,,"New York Asian Women’s Center, Inc.",,133286250,135000,,
SENIOR SERVICES,Elder Abuse Enhancement,initiative_provider,,"Trinity Healing Center, Inc.",,203235905,50000,,
SENIOR SERVICES,Elder Abuse Enhancement,initiative_provider,,"Sakhi for South Asian Women 13-3593806 * $50,000 Connect, Inc.",,020694269,50000,,
SENIOR SERVICES,Holocaust Survivors,initiative_provider,,"Blue Card, Inc., The 13-1623910 * $20,000 Edith and Carl Marks Jewish Community House of Bensonhurst",,111633484,120000,,
SENIOR SERVICES,Holocaust Survivors,initiative_provider,,"Guardians of the Sick, Inc.",,116003433,120000,,
SENIOR SERVICES,Holocaust Survivors,initiative_provider,,"Jewish Community Council Of Canarsie, Inc.",,112608645,120000,,
SENIOR SERVICES,Holocaust Survivors,initiative_provider,,"Jewish Community Council of Greater Coney Island, Inc.",,112665181,120000,,
SENIOR SERVICES,Holocaust Survivors,initiative_provider,,"Metropolitan New York Coordinating Council on Jewish Poverty, Inc.",,132738818,90000,,
SENIOR SERVICES,Holocaust Survivors,initiative_provider,,"Pesach Tikvah-Hope Development, Inc. 11-2642641 * $120,000 Queens Jewish Community Council, Inc.",,237172152,80000,,
SENIOR SERVICES,Holocaust Survivors,initiative_provider,,"Samuel Field YM & YWHA, Inc. 11-3071518 * $80,000 Selfhelp Community Services, Inc. 13-1624178 * $165,000 Shorefront Jewish Community Council, Inc.",,112986161,120000,,
SENIOR SERVICES,Holocaust Survivors,initiative_provider,,"United Jewish Organizations of Williamsburg, Inc.",,112728233,120000,,
SENIOR SERVICES,Holocaust Survivors,initiative_provider,,Washington Heights-Inwood Preservation and Restoration Corporation,,132944830,105000,,
SENIOR SERVICES,Holocaust Survivors,initiative_provider,,"Young Men’s and Young Women’s Hebrew Association of Boro Park, Inc.",,111630917,120000,,
SENIOR SERVICES,Information and Referral Services,initiative_provider,,"Council of Belmont Organizations, Inc.",,132755323,103914,,
SENIOR SERVICES,Information and Referral Services,initiative_provider,,"Emerald Isle Immigration Center 11-2932528 * $56,132 Metropolitan New York Coordinating Council on Jewish Poverty, Inc.",,132738818,247765,,
SENIOR SERVICES,LGBTQ Senior Services in Every Borough,initiative_provider,,"Services and Advocacy for GLBT Elders (SAGE), Inc. 13-2947657 * $1,200,000 Queens Community House",,112375583,300000,,
SENIOR SERVICES,Naturally Occurring Retirement Communities (NORCs),initiative_provider,,BronxWorks Inc.,Citizen Advice Bureau NORC,133254484,75000,,
SENIOR SERVICES,Naturally Occurring Retirement Communities (NORCs),initiative_provider,,"Catholic Charities Neighborhood Services, Inc.","Sheepshead Bay Nostrand NORC 11-2047151 * $251,000 Department for the Aging",136400434,529000,,
SENIOR SERVICES,Naturally Occurring Retirement Communities (NORCs),initiative_provider,,"Lincoln House Outreach, Inc.",,133668207,76000,,
SENIOR SERVICES,Naturally Occurring Retirement Communities (NORCs),initiative_provider,,Grand Street Settlement,"NORC 13-5562230 * $78,000 Jamaica Service Program for Older Adults, Inc. (JSPOA) NORC 51-0204121 * $45,000 Jewish Association for Services for the Aged (JASA) – 1199 Plaza NORC",132620896,76000,,
SENIOR SERVICES,Naturally Occurring Retirement Communities (NORCs),initiative_provider,,"Neighborhood Self Help by Older Persons Project, Inc.",Morrison Lafayette/Boyton Lafayette NORC,133077049,32000,,
SENIOR SERVICES,Naturally Occurring Retirement Communities (NORCs),initiative_provider,,"Phipps Neighborhoods, Inc.",,132707665,152000,,
SENIOR SERVICES,Naturally Occurring Retirement Communities (NORCs),initiative_provider,,Rochdale Village Social Services Inc.,NORC,113397470,253000,,
SENIOR SERVICES,Naturally Occurring Retirement Communities (NORCs),initiative_provider,,"Samuel Field YM &YWHA, Inc.",NORC Without Walls,113071518,92000,,
SENIOR SERVICES,Social Adult Day Care Enhancement,initiative_provider,,"Carter Burden Center for the Aging, Inc., The",,237129499,95000,,
SENIOR SERVICES,Social Adult Day Care Enhancement,initiative_provider,,"Catholic Charities Neighborhood Services, Inc.","Flushing 11-2047151 * $95,000 Jewish Community Center of Staten Island, Inc.",135562256,95000,,
SENIOR SERVICES,Social Adult Day Care Enhancement,initiative_provider,,"Hamilton Madison, Inc. 13-5562412 * $95,000 Lenox Hill Neighborhood House, Inc.",,131628180,95000,,
SENIOR SERVICES,Social Adult Day Care Enhancement,initiative_provider,,"Sunset Park Health Council, Inc.",,202508411,95000,,
SENIOR SERVICES,Social Adult Day Care Enhancement,initiative_provider,,"Ridgewood Bushwick Senior Citizens Council, Inc.",,112453853,95000,,
SENIOR SERVICES,Social Adult Day Care Enhancement,initiative_provider,,"Riverdale Senior Services, Inc.",,237357997,95000,,
SENIOR SERVICES,Social Adult Day Care Enhancement,initiative_provider,,"Selfhelp Community Services, Inc. 13-1624178 * $95,000 Sunnyside Community Service, Inc.",,510189327,95000,,
SENIOR SERVICES,Create New Technology Incubators,initiative_provider,,Lehman College,,136400434,450000,,
SENIOR SERVICES,Create New Technology Incubators,initiative_provider,,Queens College,,136400434,450000,,
SENIOR SERVICES,Create New Technology Incubators,initiative_provider,,College of Staten Island,,136400434,500000,,
SENIOR SERVICES,Day Laborer Workforce Initiative,initiative_provider,,"Third Sector New England** 04-2261109 * $170,000 New Immigrant Community Empowerment",,113560625,200000,,
SENIOR SERVICES,Day Laborer Workforce Initiative,initiative_provider,,Federation of Protestant Welfare Agencies,,135562220,50000,,
SENIOR SERVICES,Day Laborer Workforce Initiative,initiative_provider,,"Staten Island Community Job Center 47-2787706 * $50,000 Catholic Charities Community Services, Archdiocese of New York",,135562185,50000,,
SENIOR SERVICES,Day Laborer Workforce Initiative,initiative_provider,,Northern Manhattan Coalition for Immigrant Rights,,133255591,50000,,
SENIOR SERVICES,MWBE Leadership Associations,initiative_provider,,"ACCION East, Inc. 11-3317234 * $88,855 Brooklyn Kings County Hispanic Chamber Of Commerce, Inc. 20-2381186 * $30,925 Harlem Business Alliance, Inc.",,133591350,66450,,
SENIOR SERVICES,MWBE Leadership Associations,initiative_provider,,South Bronx Overall Economic Development Corporation,,132736022,88855,,
SENIOR SERVICES,MWBE Leadership Associations,initiative_provider,,West Brighton Community Local Development Corporation,,133046424,58600,,
SENIOR SERVICES,MWBE Leadership Associations,initiative_provider,,SBS MWBE Program Management,,136400434,70000,,
SENIOR SERVICES,Job Training and Placement Initiative,initiative_provider,,Consortium for Worker Education,"WSC 13-3564313 * $2,200,000 Consortium for Worker Education - JtBO 13-3564313 * $5,354,200 HOPE Program, The",133268539,60000,,
SENIOR SERVICES,Job Training and Placement Initiative,initiative_provider,,Women's Housing & Economic Development Corp. (WHEDCo),,113099604,210000,,
SENIOR SERVICES,Job Training and Placement Initiative,initiative_provider,,Department of Small Business Services,,136400434,281800,,
SENIOR SERVICES,Small Business Outreach and Assistance Program,initiative_provider,,"Brooklyn Alliance, Inc. (Brooklyn Chamber of Commerce)",,112145956,225000,,
SENIOR SERVICES,Small Business Outreach and Assistance Program,initiative_provider,,"New Bronx Chamber of Commerce, The 37-1443165 * $60,750 Manhattan Chamber of Commerce Foundation, Inc. 13-4016593 * $77,833 Queens Chamber of Commerce 11-0559220 * $64,167 Staten Island Chamber of Commerce Foundation, Inc. 13-4069282 * $41,105 ACCION East, Inc. 11-3317234 * $64,500 Asian Americans for Equality",,133187792,85500,,
SENIOR SERVICES,Small Business Outreach and Assistance Program,initiative_provider,,"Bedford Stuyvesant Restoration Corporation 11-6083182 * $85,500 Business Outreach Center Network, Inc.",,113306111,106750,,
SENIOR SERVICES,Small Business Outreach and Assistance Program,initiative_provider,,"Caribbean American Chamber of Commerce and Industry, Inc. 11-2903423 * $85,500 Harlem Business Alliance, Inc.",,133591350,64500,,
SENIOR SERVICES,Small Business Outreach and Assistance Program,initiative_provider,,"Queens Economic Development Corporation 11-2436149 * $43,250 Department of Small Business Services",,136400434,184500,,
SENIOR SERVICES,Initiative,initiative_provider,,"SCO Family of Services 11-2777066 * $382,000 Green Worker. Inc. 20-1828936 * $234,000 ICA Group** 04-2628399 * $234,000 Working World, The (TWW)** 20-2264584 * $234,000 Make the Road New York 11-3344389 * $94,000 East River Development Alliance Inc.",,861096987,84500,,
SENIOR SERVICES,Initiative,initiative_provider,,"Democracy at Work Institute (DAWI)** 27-5265123 * $155,000 NYC Network of Worker Cooperatives (NYCNOWC)** 46-5245034 * $148,000 Commonwise Education, Inc.** 45-2201993 * $84,000 Business Outreach Center Network, Inc. (BOC-Net)",,113306111,84500,,
SENIOR SERVICES,Initiative,initiative_provider,,Urban Justice Center,,133442022,94000,,
SENIOR SERVICES,Initiative,initiative_provider,,CUNY Law School,,112841751,94000,,
SENIOR SERVICES,Initiative,initiative_provider,,Federation of Protestant Welfare Agencies (FPWA),,135562220,155000,,
SENIOR SERVICES,Initiative,initiative_provider,,"Third Sector New England** 04-2261109 * $66,000 Department of Small Business Services",,136400434,105000,,
VETERAN SERVICES,Legal  Services for Veterans,initiative_provider,,"New York Legal Assistance Group, Inc. 13-3505428 * $200,000 Legal Services NYC",,132600199,150000,,
VETERAN SERVICES,Homeless Prevention Services for Veterans,initiative_provider,,"United War Veterans Council 13-3793337 * $25,000 Jericho Project",,133213525,50000,,
VETERAN SERVICES,Homeless Prevention Services for Veterans,initiative_provider,,"Project Renewal, Inc.",,132602882,300000,,
YOUTH SERVICES,Afterschool Enrichment Initiative,initiative_provider,,"Educational Alliance, Inc.",,135562210,75000,,
YOUTH SERVICES,Afterschool Enrichment Initiative,initiative_provider,,"ExpandED Schools, Inc.",,134004600,4000000,,
YOUTH SERVICES,Big Brothers Big Sisters of New York City,initiative_provider,,"Big Brothers Big Sisters of New York City, Inc.",,135600383,1200000,,
YOUTH SERVICES,COMPASS,initiative_provider,,"Boys and Girls Club of Metro Queens, Inc.",,111966067,420000,,
YOUTH SERVICES,COMPASS,initiative_provider,,Department of Youth and Community Development,,136400434,6206400,,
YOUTH SERVICES,COMPASS,initiative_provider,,"Development Outreach, Inc. 13-2997764 * $150,000 East Side House, Inc.",,131623989,406000,,
YOUTH SERVICES,COMPASS,initiative_provider,,"Jewish Institute of Queens 54-2068797 * $210,000 NYC Mission Society 13-5562301 * $263,200 Southeast Bronx Neighborhood Centers, Inc. 13-2675560 * $126,000 Strycker’s Bay Neighborhood Council, Inc. 13-1943516 * $134,400 Young Dancers in Repertory, Inc.",,112799128,84000,,
YOUTH SERVICES,Sports Training and Rolemodels for Success Initiative (STARS),initiative_provider,,"Armory Foundation, The 13-3680286 * $100,000 Figure Skating in East Harlem, Inc. 13-3945168 * $50,000 Girls for Gender Equity, Inc.",,043697166,50000,,
YOUTH SERVICES,Sports Training and Rolemodels for Success Initiative (STARS),initiative_provider,,"Girls Write Now, Inc. 54-2115054 * $100,000 Groundswell Community Mural Project, Inc.",,113427213,100000,,
YOUTH SERVICES,Sports Training and Rolemodels for Success Initiative (STARS),initiative_provider,,"Lower Eastside Girls Club, The",,133942063,100000,,
YOUTH SERVICES,Sports Training and Rolemodels for Success Initiative (STARS),initiative_provider,,"PowerPlay NYC, Inc.",,134045021,500000,,
YOUTH SERVICES,Sports Training and Rolemodels for Success Initiative (STARS),initiative_provider,,Row New York,,113632924,100000,,
YOUTH SERVICES,Student Voter Registration Day,initiative_provider,,New York Immigration Coalition,,133573409,400000,,
YOUTH SERVICES,YouthBuild Project Initiative,initiative_provider,,"Historic Tappen Park Community Partnership, Inc. 45-5576128 * $328,800 Northern Manhattan Improvement Corporation",,132972415,328800,,
YOUTH SERVICES,YouthBuild Project Initiative,initiative_provider,,Settlement Housing Fund,,237078882,328800,,
YOUTH SERVICES,YouthBuild Project Initiative,initiative_provider,,South Bronx Overall Economic Development Corporation,,132736022,657600,,
YOUTH SERVICES,YouthBuild Project Initiative,initiative_provider,,"Young Men’s Christian Association of Greater New York 13-2736022 * $29,000 Youth Action Programs and Homes, Inc.",,131624228,427000,,
YOUNG WOMEN’S INITIATIVE,Gender Equity Liaisons,initiative_provider,,Department of Education,,136400434,100000,,
YOUNG WOMEN’S INITIATIVE,Gender Equity Liaisons,initiative_provider,,Department of Health and Mental Hygiene,,136400434,100000,,
YOUNG WOMEN’S INITIATIVE,Gender Equity Liaisons,initiative_provider,,Department of Youth and Community Development,,136400434,100000,,
YOUNG WOMEN’S INITIATIVE,Gender Equity Liaisons,initiative_provider,,Department of Housing Preservation and Department,,136400434,100000,,
YOUNG WOMEN’S INITIATIVE,Gender Equity Liaisons,initiative_provider,,Human Resources Administration,,136400434,100000,,
YOUNG WOMEN’S INITIATIVE,Warrant Reduction Events,initiative_provider,,District Attorney of New York County,,136400434,35000,,
YOUNG WOMEN’S INITIATIVE,Warrant Reduction Events,initiative_provider,,District Attorney of Bronx County,,136400434,35000,,
YOUNG WOMEN’S INITIATIVE,Warrant Reduction Events,initiative_provider,,District Attorney of Kings County,,136400434,35000,,
YOUNG WOMEN’S INITIATIVE,Warrant Reduction Events,initiative_provider,,District Attorney of Queens County,,136400434,35000,,
YOUNG WOMEN’S INITIATIVE,Warrant Reduction Events,initiative_provider,,District Attorney of Richmond County,,136400434,35000,,
