part,agency,budget_line,sub_id,boro,fy1,fy2,fy3,fy4,sponsor,title,building_code,school_code,action
I,DEPARTMENT FOR THE AGING,AG-DN06Y,,,124000,0,0,0,,"(NEW PROJECT) CONSTRUCTION, RECONSTRUCTION, ACQUISITION OR INSTALLATION OF A NON-CITY OWNED PHYSICAL PUBLIC BETTERMENT OR IMPROVEMENT WITH A CITY PURPOSE, WHICH WOULD BE CLASSIFIED AS A CAPITAL ASSET UNDER GENERALLY ACCEPTED ACCOUNTING PRINCIPLES FOR MUNICIPALITIES; FOR VISION URBANA.",,,
I,DEPARTMENT FOR THE AGING,AG-DN262,,,180000,0,0,0,,"CONSTRUCTION, RECONSTRUCTION, ACQUISITION OR INSTALLATION OF A NON-CITY OWNED PHYSICAL PUBLIC BETTERMENT OR IMPROVEMENT WITH A CITY PURPOSE, WHICH WOULD BE CLASSIFIED AS A CAPITAL ASSET UNDER GENERALLY ACCEPTED ACCOUNTING PRINCIPLES FOR MUNICIPALITIES; FOR THE MET COUNCIL ON JEWISH POVERTY.",,,"ELIMINATE, SUBSTITUTE"
I,DEPARTMENT FOR THE AGING,AG-DN950,,,100000,0,0,0,,"CONSTRUCTION, RECONSTRUCTION, ACQUISITION OR INSTALLATION OF A NON-CITY OWNED PHYSICAL PUBLIC BETTERMENT OR IMPROVEMENT WITH A CITY PURPOSE, WHICH WOULD BE CLASSIFIED AS A CAPITAL ASSET UNDER GENERALLY ACCEPTED ACCOUNTING PRINCIPLES FOR MUNICIPALITIES; FOR BAY RIDGE CENTER, INC.",,,"ELIMINATE, SUBSTITUTE"
I,ADMIN FOR CHILDREN'S SERVICES,CS-DN05H,,,680000,0,0,0,,"CONSTRUCTION, RECONSTRUCTION, ACQUISITION OR INSTALLATION OF A NON-CITY OWNED PHYSICAL PUBLIC BETTERMENT OR IMPROVEMENT WITH A CITY PURPOSE, WHICH WOULD BE CLASSIFIED AS A CAPITAL ASSET UNDER GENERALLY ACCEPTED ACCOUNTING PRINCIPLES FOR MUNICIPALITIES; FOR ST.FRANCIS DE SALES SCHOOL FOR THE DEAF (SFDS).",,,"ELIMINATE, SUBSTITUTE"
I,ADMIN FOR CHILDREN'S SERVICES,CS-DN06B,,,92000,0,0,0,,"(NEW PROJECT) CONSTRUCTION, RECONSTRUCTION, ACQUISITION OR INSTALLATION OF A NON-CITY OWNED PHYSICAL PUBLIC BETTERMENT OR IMPROVEMENT WITH A CITY PURPOSE, WHICH WOULD BE CLASSIFIED AS A CAPITAL ASSET UNDER GENERALLY ACCEPTED ACCOUNTING PRINCIPLES FOR MUNICIPALITIES; FOR GLOBAL KIDS, INC.",,,
I,ADMIN FOR CHILDREN'S SERVICES,CS-DN207,,,145000,0,0,0,,"CONSTRUCTION, RECONSTRUCTION, ACQUISITION OR INSTALLATION OF A NON-CITY OWNED PHYSICAL PUBLIC BETTERMENT OR IMPROVEMENT WITH A CITY PURPOSE, WHICH WOULD BE CLASSIFIED AS A CAPITAL ASSET UNDER GENERALLY ACCEPTED ACCOUNTING PRINCIPLES FOR MUNICIPALITIES; FOR THE JEWISH CHILD CARE ASSOCIATION OF NEW YORK, INC. (JCCA).",,,"ELIMINATE, SUBSTITUTE"
I,ADMIN FOR CHILDREN'S SERVICES,CS-DN312,,,282000,0,0,0,,"CONSTRUCTION, RECONSTRUCTION, ACQUISITION OR INSTALLATION OF A NON-CITY OWNED PHYSICAL PUBLIC BETTERMENT OR IMPROVEMENT WITH A CITY PURPOSE, WHICH WOULD BE CLASSIFIED AS A CAPITAL ASSET UNDER GENERALLY ACCEPTED ACCOUNTING PRINCIPLES FOR MUNICIPALITIES; FOR THE NORTHSIDE CENTER FOR CHILD DEVELOPMENT.",,,"ELIMINATE, SUBSTITUTE"
I,EDUCATION,E-D001,,,223406000,0,0,0,,"CITY COUNCIL ADDITIONS TO THE FIVE YEAR EDUCATIONAL FACILITIES CAPITAL PLAN PURSUANT TO SECTION OF THE NEW YORK CITY CHARTER. PROJECTS INCLUDE MODERNIZATION AND RECONSTRUCTION OF AND IMPROVEMENTS TO SCHOOLS, PLAYGROUNDS, ATHLETIC FIELDS AND OTHER EDUCATIONAL FACILITIES AND THE PURCHASE OF COMPUTERS, VEHICLES, AND OTHER EQUIPMENT, CITYWIDE.",,,"ELIMINATE, SUBSTITUTE"
I,EDUCATION,E-D4001,,,3475280000,3576900000,3711350000,3810450000,,"FIT - CONSTRUCTION, RECONSTRUCTION, ADDITIONS TO COLLEGE CAMPUS FACILITIES, PURCHASE OF COMPUTER AND OTHER EQUIPMENT AND SYSTEMS, AND SITE ACQUISITION. IMPLEMENTATION OF THE EIGHTH FIVE-YEAR PERIOD FY THROUGH FY OF THE NEW YORK CITY DEPARTMENT OF EDUCATION, ESTABLISHED PURSUANT TO SECTION 2590-P OF THE EDUCATION LAW. TOTAL CUMULATIVE COMMITMENTS UNDER THIS PLAN ARE NOT TO EXCEED $17,000,000,000, OF WHICH $15,923,400,000 SHALL BE APPROPRIATED IN THIS BUDGET LINE, $1,076,600,000 SHALL BE APPROPRIATED UNDER BUDGET LINE E-2365 TO COMPLETE PROJECTS BEGUN UNDER THE SEVENTH FIVE-YEAR EDUCATIONAL FACILITIES CAPITAL PLAN. CHANGE TITLE TO READ: IMPLEMENTATION OF THE EIGHTH FIVE-YEAR EDUCATIONAL FACILITIES CAPITAL PLAN, FOR THE PERIOD FY THROUGH FY OF THE NEW YORK CITY DEPARTMENT OF EDUCATION, ESTABLISHED PURSUANT TO SECTION 2590-P OF THE EDUCATION LAW. TOTAL CUMULATIVE COMMITMENTS UNDER THIS PLAN ARE NOT TO EXCEED $19,012,280,000, OF WHICH $17,935,680,000 SHALL BE APPROPRIATED IN THIS BUDGET LINE, $1,076,600,000 SHALL BE APPROPRIATED UNDER BUDGET LINE E-2365 TO COMPLETE PROJECTS BEGUN UNDER THE SEVENTH FIVE-YEAR EDUCATIONAL",,,"ELIMINATE, SUBSTITUTE"
I,ECONOMIC DEVELOPMENT,ED-DN056,,,56000,0,0,0,,"(NEW PROJECT) CONSTRUCTION, RECONSTRUCTION, ACQUISITION OR INSTALLATION OF A NON-CITY OWNED PHYSICAL PUBLIC BETTERMENT OR IMPROVEMENT WITH A CITY PURPOSE, WHICH WOULD BE CLASSIFIED AS A CAPITAL ASSET UNDER GENERALLY ACCEPTED ACCOUNTING PRINCIPLES FOR MUNICIPALITIES; FOR THE BOYS AND GIRLS CLUB OF HARLEM.",,,
I,ECONOMIC DEVELOPMENT,ED-DN05P,,,0,6000000,0,0,,"CONSTRUCTION, RECONSTRUCTION, ACQUISITION OR INSTALLATION OF A NON-CITY OWNED PHYSICAL PUBLIC BETTERMENT OR IMPROVEMENT WITH A CITY PURPOSE, WHICH WOULD BE CLASSIFIED AS A CAPITAL ASSET UNDER GENERALLY ACCEPTED ACCOUNTING PRINCIPLES FOR MUNICIPALITIES; FOR THE BAY RIDGE COMMUNITY DEVELOPMENT CENTER, INC.",,,"ELIMINATE, SUBSTITUTE"
I,ECONOMIC DEVELOPMENT,ED-DN05T,,,295000,0,0,0,,"CONSTRUCTION, RECONSTRUCTION, ACQUISITION OR INSTALLATION OF A NON-CITY OWNED PHYSICAL PUBLIC BETTERMENT OR IMPROVEMENT WITH A CITY PURPOSE, WHICH WOULD BE CLASSIFIED AS A CAPITAL ASSET UNDER GENERALLY ACCEPTED ACCOUNTING PRINCIPLES FOR MUNICIPALITIES; FOR THE RISEBORO COMMUNITY PARTNERSHIP. CHANGE TITLE TO READ: CONSTRUCTION, RECONSTRUCTION, ACQUISITION OR INSTALLATION OF A NON-CITY OWNED PHYSICAL PUBLIC BETTERMENT OR IMPROVEMENT WITH A CITY PURPOSE, WHICH WOULD BE CLASSIFIED AS A CAPITAL ASSET UNDER GENERALLY ACCEPTED ACCOUNTING PRINCIPLES FOR MUNICIPALITIES; FOR THE RISEBORO COMMUNITY PARTNERSHIP FORMERLY KNOWN AS RIDGEWOOD BUSHWICK SENIOR CITIZENS COUNCIL, INC.",,,"ELIMINATE, SUBSTITUTE"
I,ECONOMIC DEVELOPMENT,ED-DN05Z,,,1500000,0,0,0,,"(NEW PROJECT) CONSTRUCTION, RECONSTRUCTION, ACQUISITION OR INSTALLATION OF A NON-CITY OWNED PHYSICAL PUBLIC BETTERMENT OR IMPROVEMENT WITH A CITY PURPOSE, WHICH WOULD BE CLASSIFIED AS A CAPITAL ASSET UNDER GENERALLY ACCEPTED ACCOUNTING PRINCIPLES FOR MUNICIPALITIES; FOR THE NEW SCHOOL.",,,
I,ECONOMIC DEVELOPMENT,ED-DN06D,,,250000,0,0,0,,"(NEW PROJECT) CONSTRUCTION, RECONSTRUCTION, ACQUISITION OR INSTALLATION OF A NON-CITY OWNED PHYSICAL PUBLIC BETTERMENT OR IMPROVEMENT WITH A CITY PURPOSE, WHICH WOULD BE CLASSIFIED AS A CAPITAL ASSET UNDER GENERALLY ACCEPTED ACCOUNTING PRINCIPLES FOR MUNICIPALITIES; FOR WELCOME TO CHINATOWN, INC.",,,
I,ECONOMIC DEVELOPMENT,ED-DN06G,,,467000,0,0,0,,"(NEW PROJECT) CONSTRUCTION, RECONSTRUCTION, ACQUISITION OR INSTALLATION OF A NON-CITY OWNED PHYSICAL PUBLIC BETTERMENT OR IMPROVEMENT WITH A CITY PURPOSE, WHICH WOULD BE CLASSIFIED AS A CAPITAL ASSET UNDER GENERALLY ACCEPTED ACCOUNTING PRINCIPLES FOR MUNICIPALITIES; FOR THE EAST RIVER DEVELOPMENT ALLIANCE, INC.",,,
I,ECONOMIC DEVELOPMENT,ED-DN06J,,,1500000,0,0,0,,"(NEW PROJECT) CONSTRUCTION, RECONSTRUCTION, ACQUISITION OR INSTALLATION OF A NON-CITY OWNED PHYSICAL PUBLIC BETTERMENT OR IMPROVEMENT WITH A CITY PURPOSE, WHICH WOULD BE CLASSIFIED AS A CAPITAL ASSET UNDER GENERALLY ACCEPTED ACCOUNTING PRINCIPLES FOR MUNICIPALITIES; FOR THE CATHEDRAL CHURCH OF ST. JOHN THE DIVINE.",,,
I,ECONOMIC DEVELOPMENT,ED-DN06L,,,1136000,0,0,0,,"(NEW PROJECT) CONSTRUCTION, RECONSTRUCTION, ACQUISITION OR INSTALLATION OF A NON-CITY OWNED PHYSICAL PUBLIC BETTERMENT OR IMPROVEMENT WITH A CITY PURPOSE, WHICH WOULD BE CLASSIFIED AS A CAPITAL ASSET UNDER GENERALLY ACCEPTED ACCOUNTING PRINCIPLES FOR MUNICIPALITIES; FOR FORDHAM UNIVERSITY - CENTER FOR COMMUNITY ENGAGED LEARNING (CCEL).",,,
I,ECONOMIC DEVELOPMENT,ED-DN06N,,,314000,0,0,0,,"(NEW PROJECT) CONSTRUCTION, RECONSTRUCTION, ACQUISITION OR INSTALLATION OF A NON-CITY OWNED PHYSICAL PUBLIC BETTERMENT OR IMPROVEMENT WITH A CITY PURPOSE, WHICH WOULD BE CLASSIFIED AS A CAPITAL ASSET UNDER GENERALLY ACCEPTED ACCOUNTING PRINCIPLES FOR MUNICIPALITIES; FOR YOUTH DESIGN CENTER.",,,
I,ECONOMIC DEVELOPMENT,ED-DN06S,,,182000,0,0,0,,"(NEW PROJECT) CONSTRUCTION, RECONSTRUCTION, ACQUISITION OR INSTALLATION OF A NON-CITY OWNED PHYSICAL PUBLIC BETTERMENT OR IMPROVEMENT WITH A CITY PURPOSE, WHICH WOULD BE CLASSIFIED AS A CAPITAL ASSET UNDER GENERALLY ACCEPTED ACCOUNTING PRINCIPLES FOR MUNICIPALITIES; FOR PROJECT HOSPITALITY.",,,
I,ECONOMIC DEVELOPMENT,ED-DN06T,,,600000,0,0,0,,"(NEW PROJECT) CONSTRUCTION, RECONSTRUCTION, ACQUISITION OR INSTALLATION OF A NON-CITY OWNED PHYSICAL PUBLIC BETTERMENT OR IMPROVEMENT WITH A CITY PURPOSE, WHICH WOULD BE CLASSIFIED AS A CAPITAL ASSET UNDER GENERALLY ACCEPTED ACCOUNTING PRINCIPLES FOR MUNICIPALITIES; FOR MEKONG, INC.",,,
I,ECONOMIC DEVELOPMENT,ED-DN06V,,,979000,0,0,0,,"(NEW PROJECT) CONSTRUCTION, RECONSTRUCTION, ACQUISITION OR INSTALLATION OF A NON-CITY OWNED PHYSICAL PUBLIC BETTERMENT OR IMPROVEMENT WITH A CITY PURPOSE, WHICH WOULD BE CLASSIFIED AS A CAPITAL ASSET UNDER GENERALLY ACCEPTED ACCOUNTING PRINCIPLES FOR MUNICIPALITIES; FOR NONTRADITIONAL EMPLOYMENT FOR WOMEN.",,,
I,ECONOMIC DEVELOPMENT,ED-D075,,,3204000,0,0,0,,"ACQUISITION, SITE DEVELOPMENT, CONSTRUCTION AND RECONSTRUCTION, INCLUDING EQUIPMENT AND OTHER PURCHASES, FOR INDUSTRIAL AND COMMERCIAL REDEVELOPMENT AND PROJECTS WITH A CITY PURPOSE, CITYWIDE",,,"ELIMINATE, SUBSTITUTE"
I,ECONOMIC DEVELOPMENT,ED-D319,,,500000,0,0,0,,"CITY COUNCIL FUNDING FOR THE BROOKLYN NAVY YARD INDUSTRIAL PARK, ACQUISITION, CONSTRUCTION, RECONSTRUCTION, CLEARANCE, DEVELOPMENT AND IMPROVEMENTS INCLUDING EQUIPMENT AND OTHER PURCHASES, BROOKLYN",,,"ELIMINATE, SUBSTITUTE"
I,ECONOMIC DEVELOPMENT,ED-D408,,,12000000,0,0,0,,"MARKETS, ALL BOROUGHS: RECONSTRUCTION, IMPROVEMENTS, ALTERATIONS TO MARKETS AND RELATED AREAS",,,"ELIMINATE, SUBSTITUTE"
I,ECONOMIC DEVELOPMENT,ED-D831,,,2500000,0,0,0,,"CITY COUNCIL FUNDING FOR THE TRUST FOR GOVERNORS ISLAND: ACQUISITION, CONSTRUCTION, RECONSTRUCTION, CLEARANCE, DEVELOPMENT AND IMPROVEMENTS INCLUDING EQUIPMENT AND OTHER PURCHASES.",,,"ELIMINATE, SUBSTITUTE"
I,DEP EQUIPMENT,EP-D004,,,210000,0,0,0,,"PURCHASE OF AUTOMOTIVE AND OTHER EQUIPMENT HAVING A UNIT COST OF AT LEAST $35,000 AND A LIFE EXPECTANCY OF AT LEAST FIVE YEARS FOR USE BY THE DEPARTMENT OF ENVIRONMENTAL PROTECTION. CHANGE TITLE TO READ: CITY COUNCIL FUNDING FOR PURCHASE OF AUTOMOTIVE AND OTHER EQUIPMENT HAVING A UNIT COST OF AT LEAST $50,000 AND A LIFE EXPECTANCY OF AT LEAST FIVE YEARS FOR USE BY THE DEPARTMENT OF ENVIRONMENTAL PROTECTION.",,,"ELIMINATE, SUBSTITUTE"
I,FIRE,F-D109,,,91177812,46668000,57240000,50845000,,"CITY COUNCIL FUNDED VEHICLES AND EQUIPMENT: ACQUISITION OF FIREFIGHTING VEHICLES, AUXILIARY TRUCKS, APPARATUS AND EQUIPMENT, CITYWIDE VEHICLE ACQUISITION: PURCHASE OF FIREFIGHTING, INCLUDING EQUIPMENT, CITYWIDE",,,"ELIMINATE, SUBSTITUTE"
I,HOUSING AUTHORITY,HA-D001,,,363175281,657137000,299225000,210660000,,"CITY COUNCIL FUNDING FOR CAPITAL SUBSIDIES TO HOUSING AUTHORITY FOR CAPITAL PROJECTS, PROVIDED PURSUANT TO SECTION OF THE PUBLIC HOUSING LAW AND FOR OTHER NYCHA DEVELOPMENT CAPITAL IMPROVEMENTS, CITYWIDE CITY CAPITAL SUBSIDIES FOR HOUSING AUTHORITY OF THE PUBLIC HOUSING LAW, CITYWIDE. (F) (F)",,,"ELIMINATE, SUBSTITUTE"
I,HOUSING & DEVELOPMENT,HD-D020,,,28642000,0,0,0,,"CITY COUNCIL FUNDING FOR CONSTRUCTION, RECONSTRUCTION, ACQUISITION OR INSTALLATION OF NON-CITY OWNED PHYSICAL PUBLIC BETTERMENTS OR IMPROVEMENTS WITH A CITY PURPOSE, WHICH WOULD BE CLASSIFIED AS CAPITAL ASSETS UNDER GENERALLY ACCEPTED ACCOUNTING PRINCIPLES FOR MUNICIPALITIES, UNDERTAKEN PURSUANT TO STATUTORY HOUSING LOAN AND/OR GRANT PROGRAMS; BOROUGH OF BROOKLYN.",,,"ELIMINATE, SUBSTITUTE"
I,HOUSING & DEVELOPMENT,HD-D021,,,10559000,0,0,0,,"CITY COUNCIL FUNDING FOR CONSTRUCTION, RECONSTRUCTION, ACQUISITION OR INSTALLATION OF NON-CITY OWNED PHYSICAL PUBLIC BETTERMENTS OR IMPROVEMENTS WITH A CITY PURPOSE, WHICH WOULD BE CLASSIFIED AS CAPITAL ASSETS UNDER GENERALLY ACCEPTED ACCOUNTING PRINCIPLES FOR MUNICIPALITIES, UNDERTAKEN PURSUANT TO STATUTORY HOUSING LOAN AND/OR GRANT PROGRAMS; BOROUGH OF MANHATTAN.",,,"ELIMINATE, SUBSTITUTE"
I,HOUSING & DEVELOPMENT,HD-D022,,,9900000,0,0,0,,"CITY COUNCIL FUNDING FOR CONSTRUCTION, RECONSTRUCTION, ACQUISITION OR INSTALLATION OF NON-CITY OWNED PHYSICAL PUBLIC BETTERMENTS OR IMPROVEMENTS WITH A CITY PURPOSE, WHICH WOULD BE CLASSIFIED AS CAPITAL ASSETS UNDER GENERALLY ACCEPTED ACCOUNTING PRINCIPLES FOR MUNICIPALITIES, UNDERTAKEN PURSUANT TO STATUTORY HOUSING LOAN AND/OR GRANT PROGRAMS; BOROUGH OF QUEENS.",,,"ELIMINATE, SUBSTITUTE"
I,HOUSING & DEVELOPMENT,HD-D024,,,146665859,110715000,14907000,13200000,,"CITY COUNCIL FUNDING FOR CONSTRUCTION, RECONSTRUCTION, ACQUISITION OR INSTALLATION OF NON-CITY OWNED PHYSICAL PUBLIC BETTERMENTS OR IMPROVEMENTS WITH A CITY PURPOSE, WHICH WOULD BE CLASSIFIED AS CAPITAL ASSETS UNDER GENERALLY ACCEPTED ACCOUNTING PRINCIPLES FOR MUNICIPALITIES, UNDERTAKEN PURSUANT TO STATUTORY HOUSING LOAN AND/OR GRANT PROGRAMS; BOROUGH OF THE BRONX. RECONSTRUCTION OF RESIDENTIAL BUILDINGS AND DISPOSITION AND FINANCE INCLUDING THE AFFORDABLE NEIGHBORHOOD COOPERATIVE PROGRAM, CITYWIDE RECONSTRUCTION OF RESIDENTIAL BUILDINGS AND DISPOSITION AND FINANCE INCLUDING THE MULTIFAMILY PRESERVATION LOAN PROGRAM, CITYWIDE THE EFFECTUATION OF A CAPITAL PROGRAM, INVOLVING ENSURE LONG-TERM AFFORDABILITY OF LOW INCOME HOUSING TAX CREDIT (LIHTC) PROJECTS, CITYWIDE PROVISION OF LOANS PURSUANT TO STATE LAW FOR RESIDENTIAL BUILDINGS AND BUILDING SYSTEMS UNDER THE SRO LOAN OR SUPPORTIVE HOUSING LOAN PROGRAMS",,,"ELIMINATE, SUBSTITUTE"
I,HEALTH,HL-DN01D,,,747000,0,0,0,,"CONSTRUCTION, RECONSTRUCTION, ACQUISITION OR INSTALLATION OF A NON-CITY OWNED PHYSICAL PUBLIC BETTERMENT OR IMPROVEMENT WITH A CITY PURPOSE, WHICH WOULD BE CLASSIFIED AS A CAPITAL ASSET UNDER GENERALLY ACCEPTED ACCOUNTING PRINCIPLES FOR MUNICIPALITIES; FOR THE HASC DIAGNOSTIC AND TREATMENT CENTER, INC.",,,"ELIMINATE, SUBSTITUTE"
I,HEALTH,HL-DN01F,,,75000,0,0,0,,"CONSTRUCTION, RECONSTRUCTION, ACQUISITION OR INSTALLATION OF A NON-CITY OWNED PHYSICAL PUBLIC BETTERMENT OR IMPROVEMENT WITH A CITY PURPOSE, WHICH WOULD BE CLASSIFIED AS A CAPITAL ASSET UNDER GENERALLY ACCEPTED ACCOUNTING PRINCIPLES FOR MUNICIPALITIES; FOR ST. LUKE'S-ROOSEVELT HOSPITAL CENTER INC. D/B/A MOUNT SINAI ST. LUKE'S.",,,"ELIMINATE, SUBSTITUTE"
I,HEALTH,HL-DN03O,,,798000,0,0,0,,"CONSTRUCTION, RECONSTRUCTION, ACQUISITION OR INSTALLATION OF A NON-CITY OWNED PHYSICAL PUBLIC BETTERMENT OR IMPROVEMENT WITH A CITY PURPOSE, WHICH WOULD BE CLASSIFIED AS A CAPITAL ASSET UNDER GENERALLY ACCEPTED ACCOUNTING PRINCIPLES FOR MUNICIPALITIES; FOR PREMIUM HEALTH, INC.",,,"ELIMINATE, SUBSTITUTE"
I,HEALTH,HL-DN03Z,,,4000000,0,0,0,,"CONSTRUCTION, RECONSTRUCTION, ACQUISITION OR INSTALLATION OF A NON-CITY OWNED PHYSICAL PUBLIC BETTERMENT OR IMPROVEMENT WITH A CITY PURPOSE, WHICH WOULD BE CLASSIFIED AS A CAPITAL ASSET UNDER GENERALLY ACCEPTED ACCOUNTING PRINCIPLES FOR MUNICIPALITIES; FOR THE COMMUNITY HEALTH CENTER OF RICHMOND, INC.",,,"ELIMINATE, SUBSTITUTE"
I,HEALTH,HL-DN150,,,670000,0,0,0,,"CONSTRUCTION, RECONSTRUCTION, ACQUISITION OR INSTALLATION OF A NON-CITY OWNED PHYSICAL PUBLIC BETTERMENT OR IMPROVEMENT WITH A CITY PURPOSE, WHICH WOULD BE CLASSIFIED AS A CAPITAL ASSET UNDER GENERALLY ACCEPTED ACCOUNTING PRINCIPLES FOR MUNICIPALITIES; FOR THE L'REFUAH MEDICAL AND REHABILITATION CENTER, INC. DBA EZRA MED CENTER.",,,"ELIMINATE, SUBSTITUTE"
I,HEALTH,HL-DN164,,,3420000,0,0,0,,"CONSTRUCTION, RECONSTRUCTION, ACQUISITION OR INSTALLATION OF A NON-CITY OWNED PHYSICAL PUBLIC BETTERMENT OR IMPROVEMENT WITH A CITY PURPOSE, WHICH WOULD BE CLASSIFIED AS A CAPITAL ASSET UNDER GENERALLY ACCEPTED ACCOUNTING PRINCIPLES FOR MUNICIPALITIES; FOR THE WILLIAM F. RYAN COMMUNITY HEALTH CENTER. CHANGE TITLE TO READ: CONSTRUCTION, RECONSTRUCTION, ACQUISITION OR INSTALLATION OF A NON-CITY OWNED PHYSICAL PUBLIC BETTERMENT OR IMPROVEMENT WITH A CITY PURPOSE, WHICH WOULD BE CLASSIFIED AS A CAPITAL ASSET UNDER GENERALLY ACCEPTED ACCOUNTING PRINCIPLES FOR MUNICIPALITIES; FOR THE RYAN HEALTH AKA WILLIAM F. RYAN COMMUNITY HEALTH CENTER.",,,"ELIMINATE, SUBSTITUTE"
I,HEALTH,HL-DN168,,,152000,0,0,0,,"CONSTRUCTION, RECONSTRUCTION, ACQUISITION OR INSTALLATION OF A NON-CITY OWNED PHYSICAL PUBLIC BETTERMENT OR IMPROVEMENT WITH A CITY PURPOSE, WHICH WOULD BE CLASSIFIED AS A CAPITAL ASSET UNDER GENERALLY ACCEPTED ACCOUNTING PRINCIPLES FOR MUNICIPALITIES; FOR THE BROOKDALE HOSPITAL MEDICAL CENTER.",,,"ELIMINATE, SUBSTITUTE"
I,HEALTH,HL-DN192,,,418000,0,0,0,,"CONSTRUCTION, RECONSTRUCTION, ACQUISITION OR INSTALLATION OF A NON-CITY OWNED PHYSICAL PUBLIC BETTERMENT OR IMPROVEMENT WITH A CITY PURPOSE, WHICH WOULD BE CLASSIFIED AS A CAPITAL ASSET UNDER GENERALLY ACCEPTED ACCOUNTING PRINCIPLES FOR MUNICIPALITIES; FOR THE INTERFAITH MEDICAL CENTER.",,,"ELIMINATE, SUBSTITUTE"
I,HEALTH,HL-DN202,,,100000,0,0,0,,"CONSTRUCTION, RECONSTRUCTION, ACQUISITION OR INSTALLATION OF A NON-CITY OWNED PHYSICAL PUBLIC BETTERMENT OR IMPROVEMENT WITH A CITY PURPOSE, WHICH WOULD BE CLASSIFIED AS A CAPITAL ASSET UNDER GENERALLY ACCEPTED ACCOUNTING PRINCIPLES FOR MUNICIPALITIES; FOR THE JAMAICA HOSPITAL MEDICAL CENTER.",,,"ELIMINATE, SUBSTITUTE"
I,HEALTH,HL-DN254,,,1655000,0,0,0,,"CONSTRUCTION, RECONSTRUCTION, ACQUISITION OR INSTALLATION OF A NON-CITY OWNED PHYSICAL PUBLIC BETTERMENT OR IMPROVEMENT WITH A CITY PURPOSE, WHICH WOULD BE CLASSIFIED AS A CAPITAL ASSET UNDER GENERALLY ACCEPTED ACCOUNTING PRINCIPLES FOR MUNICIPALITIES; FOR THE MAIMONIDES MEDICAL CENTER",,,"ELIMINATE, SUBSTITUTE"
I,HEALTH,HL-DN267,,,600000,0,0,0,,"CONSTRUCTION, RECONSTRUCTION, ACQUISITION OR INSTALLATION OF A NON-CITY OWNED PHYSICAL PUBLIC BETTERMENT OR IMPROVEMENT WITH A CITY PURPOSE, WHICH WOULD BE CLASSIFIED AS A CAPITAL ASSET UNDER GENERALLY ACCEPTED ACCOUNTING PRINCIPLES FOR MUNICIPALITIES; FOR MONTEFIORE HOSPITAL.",,,"ELIMINATE, SUBSTITUTE"
I,HEALTH,HL-DN273,,,255000,0,0,0,,"CONSTRUCTION, RECONSTRUCTION, ACQUISITION OR INSTALLATION OF A NON-CITY OWNED PHYSICAL PUBLIC BETTERMENT OR IMPROVEMENT WITH A CITY PURPOSE, WHICH WOULD BE CLASSIFIED AS A CAPITAL ASSET UNDER GENERALLY ACCEPTED ACCOUNTING PRINCIPLES FOR MUNICIPALITIES; FOR MOUNT SINAI HOSPITAL.",,,"ELIMINATE, SUBSTITUTE"
I,HEALTH,HL-DN346,,,12828000,0,0,0,,"CONSTRUCTION, RECONSTRUCTION, ACQUISITION OR INSTALLATION OF A NON-CITY OWNED PHYSICAL PUBLIC BETTERMENT OR IMPROVEMENT WITH A CITY PURPOSE, WHICH WOULD BE CLASSIFIED AS A CAPITAL ASSET UNDER GENERALLY ACCEPTED ACCOUNTING PRINCIPLES FOR MUNICIPALITIES; FOR THE RICHMOND UNIVERSITY MEDICAL CENTER.",,,"ELIMINATE, SUBSTITUTE"
I,HEALTH,HL-DN456,,,3800000,0,0,0,,"CONSTRUCTION, RECONSTRUCTION, ACQUISITION OR INSTALLATION OF A NON-CITY OWNED PHYSICAL PUBLIC BETTERMENT OR IMPROVEMENT WITH A CITY PURPOSE, WHICH WOULD BE CLASSIFIED AS A CAPITAL ASSET UNDER GENERALLY ACCEPTED ACCOUNTING PRINCIPLES FOR MUNICIPALITIES; FOR THE WYCKOFF HEIGHTS MEDICAL CENTER.",,,"ELIMINATE, SUBSTITUTE"
I,HEALTH,HL-DN561,,,1000000,0,0,0,,"CONSTRUCTION, RECONSTRUCTION, ACQUISITION OR INSTALLATION OF A NON-CITY OWNED PHYSICAL PUBLIC BETTERMENT OR IMPROVEMENT WITH A CITY PURPOSE, WHICH WOULD BE CLASSIFIED AS A CAPITAL ASSET UNDER GENERALLY ACCEPTED ACCOUNTING PRINCIPLES FOR MUNICIPALITIES; FOR THE COMMUNITY HEALTHCARE NETWORK.",,,"ELIMINATE, SUBSTITUTE"
I,HEALTH,HL-DN762,,,500000,0,0,0,,"CONSTRUCTION, RECONSTRUCTION, ACQUISITION OR INSTALLATION OF A NON-CITY OWNED PHYSICAL PUBLIC BETTERMENT OR IMPROVEMENT WITH A CITY PURPOSE, WHICH WOULD BE CLASSIFIED AS A CAPITAL ASSET UNDER GENERALLY ACCEPTED ACCOUNTING PRINCIPLES FOR MUNICIPALITIES; FOR THE UNION COMMUNITY HEALTH CENTER, INC.",,,"ELIMINATE, SUBSTITUTE"
I,HEALTH,HL-DN823,,,3288000,0,0,0,,"CONSTRUCTION, RECONSTRUCTION, ACQUISITION OR INSTALLATION OF A NON-CITY OWNED PHYSICAL PUBLIC BETTERMENT OR IMPROVEMENT WITH A CITY PURPOSE, WHICH WOULD BE CLASSIFIED AS A CAPITAL ASSET UNDER GENERALLY ACCEPTED ACCOUNTING PRINCIPLES FOR MUNICIPALITIES; FOR THE START TREATMENT & RECOVERY CENTERS.",,,"ELIMINATE, SUBSTITUTE"
I,HEALTH,HL-DN908,,,705000,0,0,0,,"CONSTRUCTION, RECONSTRUCTION, ACQUISITION OR INSTALLATION OF A NON-CITY OWNED PHYSICAL PUBLIC BETTERMENT OR IMPROVEMENT WITH A CITY PURPOSE, WHICH WOULD BE CLASSIFIED AS A CAPITAL ASSET UNDER GENERALLY ACCEPTED ACCOUNTING PRINCIPLES FOR MUNICIPALITIES; FOR WOMEN'S LEAGUE COMMUNITY RESIDENCES.",,,"ELIMINATE, SUBSTITUTE"
I,HEALTH,HL-DN916,,,227000,0,0,0,,"CONSTRUCTION, RECONSTRUCTION, ACQUISITION OR INSTALLATION OF A NON-CITY OWNED PHYSICAL PUBLIC BETTERMENT OR IMPROVEMENT WITH A CITY PURPOSE, WHICH WOULD BE CLASSIFIED AS A CAPITAL ASSET UNDER GENERALLY ACCEPTED ACCOUNTING PRINCIPLES FOR MUNICIPALITIES; FOR THE FLOATING HOSPITAL.",,,"ELIMINATE, SUBSTITUTE"
I,HIGHER EDUCATION,HN-D002,,,12408000,0,0,0,,"CITY COUNCIL FUNDS FOR SITE ACQUISITION, CONSTRUCTION, RECONSTRUCTION, AND COMPREHENSIVE RENOVATIONS TO BUILDINGS AND CAMPUSES, INCLUDING PURCHASES OF EQUIPMENT AT COMMUNITY COLLEGE CAMPUSES, CITYWIDE",,,"ELIMINATE, SUBSTITUTE"
I,HIGHER EDUCATION,HN-D300,,,33134747,61843000,92807000,103826000,,"CITY COUNCIL FUNDING FOR SITE ACQUISITION, CONSTRUCTION, RECONSTRUCTION, IMPROVEMENTS, COMPREHENSIVE RENOVATIONS AND ADDITIONS OF CITY UNIVERSITY SENIOR COLLEGE CAMPUS BUILDINGS AND FACILITIES, INCLUDING THE PURCHASE OF EQUIPMENT AND OTHER SYSTEMS, CITYWIDE. SITE ACQUISITION, CONSTRUCTION, RECONSTRUCTION, ADDITIONS OF CITY UNIVERSITY SENIOR COLLEGE CAMPUS BUILDINGS AND FACILITIES, INCLUDING THE PURCHASE OF EQUIPMENT AND OTHER SYSTEMS, CITYWIDE.",,,"ELIMINATE, SUBSTITUTE"
I,HEALTH & HOSPITALS CORP.,HO-D003,,,56000000,130405865,120885000,149044000,,"CITY COUNCIL FUNDING FOR ALL BUILDINGS, ALL BOROUGHS, CONSTRUCTION, RECONSTRUCTION, REHABILITATION, MODERNIZATION, FIRE PREVENTION AND ELEVATOR REPLACEMENTS, EQUIPMENT, AND VEHICLES FOR THE NEW YORK CITY HEALTH AND HOSPITALS CORPORATION. ALL BUILDINGS, ALL BOROUGHS, CONSTRUCTION, FIRE PREVENTION AND ELEVATOR REPLACEMENTS (F) (INCLUDING COMMUNITY MENTAL HEALTH FACILITIES PREVIOUSLY LISTED AS PROJECT MH-36), FOR THE NEW YORK CITY HEALTH AND HOSPITALS CORPORATION. (F)",,,"ELIMINATE, SUBSTITUTE"
I,HUMAN RESOURCES,HR-DN05J,,,1400000,0,0,0,,"CONSTRUCTION, RECONSTRUCTION, ACQUISITION OR INSTALLATION OF A NON-CITY OWNED PHYSICAL PUBLIC BETTERMENT OR IMPROVEMENT WITH A CITY PURPOSE, WHICH WOULD BE CLASSIFIED AS A CAPITAL ASSET UNDER GENERALLY ACCEPTED ACCOUNTING PRINCIPLES FOR MUNICIPALITIES; FOR LIFE OF HOPE CENTER (LOHC).",,,"ELIMINATE, SUBSTITUTE"
I,HUMAN RESOURCES,HR-DN05V,,,1250000,0,0,0,,"(NEW PROJECT) CONSTRUCTION, RECONSTRUCTION, ACQUISITION OR INSTALLATION OF A NON-CITY OWNED PHYSICAL PUBLIC BETTERMENT OR IMPROVEMENT WITH A CITY PURPOSE, WHICH WOULD BE CLASSIFIED AS A CAPITAL ASSET UNDER GENERALLY ACCEPTED ACCOUNTING PRINCIPLES FOR MUNICIPALITIES; FOR MIXTECA ORGANIZATION, INC.",,,
I,HUMAN RESOURCES,HR-DN06A,,,1255000,0,0,0,,"(NEW PROJECT) CONSTRUCTION, RECONSTRUCTION, ACQUISITION OR INSTALLATION OF A NON-CITY OWNED PHYSICAL PUBLIC BETTERMENT OR IMPROVEMENT WITH A CITY PURPOSE, WHICH WOULD BE CLASSIFIED AS A CAPITAL ASSET UNDER GENERALLY ACCEPTED ACCOUNTING PRINCIPLES FOR MUNICIPALITIES; FOR THE ARAB AMERICAN ASSOCIATION OF NEW YORK, INC.",,,
I,HUMAN RESOURCES,HR-DN06U,,,117000,0,0,0,,"(NEW PROJECT) CONSTRUCTION, RECONSTRUCTION, ACQUISITION OR INSTALLATION OF A NON-CITY OWNED PHYSICAL PUBLIC BETTERMENT OR IMPROVEMENT WITH A CITY PURPOSE, WHICH WOULD BE CLASSIFIED AS A CAPITAL ASSET UNDER GENERALLY ACCEPTED ACCOUNTING PRINCIPLES FOR MUNICIPALITIES; FOR MARTIN DE PORRES YOUTH AND FAMILY SERVICES.",,,
I,HUMAN RESOURCES,HR-DN376,,,174000,0,0,0,,"(NEW PROJECT) CONSTRUCTION, RECONSTRUCTION, ACQUISITION OR INSTALLATION OF A NON-CITY OWNED PHYSICAL PUBLIC BETTERMENT OR IMPROVEMENT WITH A CITY PURPOSE, WHICH WOULD BE CLASSIFIED AS A CAPITAL ASSET UNDER GENERALLY ACCEPTED ACCOUNTING PRINCIPLES FOR MUNICIPALITIES; FOR SELFHELP COMMUNITY SERVICES, INC.",,,
I,HIGHWAYS,HW-D101,,,2757000,0,0,0,,"CITY COUNCIL FUNDING FOR THE CONSTRUCTION, RECONSTRUCTION AND RESURFACING OF STREETS AND ALL REQUIRED ANCILLARY STREET WORK, BROOKLYN.",,,"ELIMINATE, SUBSTITUTE"
I,HIGHWAYS,HW-D103,,,7115000,0,0,0,,"CITY COUNCIL FUNDING FOR THE CONSTRUCTION, RECONSTRUCTION AND RESURFACING OF STREETS AND ALL REQUIRED ANCILLARY STREET WORK, QUEENS",,,"ELIMINATE, SUBSTITUTE"
I,HIGHWAYS,HW-D104,,,500000,0,0,0,,"CITY COUNCIL FUNDING FOR THE CONSTRUCTION, RECONSTRUCTION AND RESURFACING OF STREETS AND ALL REQUIRED ANCILLARY WORK, STATEN ISLAND",,,"ELIMINATE, SUBSTITUTE"
I,HIGHWAYS,HW-D105,,,12463566,0,0,0,,"CITY COUNCIL FUNDING FOR THE CONSTRUCTION, RECONSTRUCTION AND RESURFACING OF STREETS AND ALL REQUIRED ANCILLARY STREET WORK, THE BRONX RESURFACING OF STREETS, QUEENS",,,"ELIMINATE, SUBSTITUTE"
I,BROOKLYN PUBLIC LIBRARY,LB-D104,,,25000000,13022395,24264000,12125000,,"CITY COUNCIL FUNDING FOR THE CONSTRUCTION, RECONSTRUCTION, REHABILITATION, IMPROVEMENTS, SITE ACQUISITION, INITIAL OUTFITTING AND PURCHASES OF FURNITURE AND EQUIPMENT FOR BRANCH LIBRARIES, BROOKLYN CONSTRUCTION, RECONSTRUCTION, REHABILITATION, AND PURCHASES OF FURNITURE AND EQUIPMENT FOR BRANCH LIBRARIES, BROOKLYN",,,"ELIMINATE, SUBSTITUTE"
I,NEW YORK PUBLIC LIBRARY,LN-D008,,,48935648,14690000,14847000,21731000,,"CITY COUNCIL FUNDING FOR SITE ACQUISITION, RECONSTRUCTION, CONSTRUCTION, REHABILITATION AND IMPROVEMENTS, INCLUDING ACQUISITION OF FURNITURE, EQUIPMENT AND VEHICLES, FOR THE NEW YORK PUBLIC LIBRARY. SITE ACQUISITION, RECONSTRUCTION, CONSTRUCTION, ACQUISITION OF FURNITURE AND EQUIPMENT FOR FACILITIES OF THE NEW YORK PUBLIC LIBRARY, CITYWIDE.",,,"ELIMINATE, SUBSTITUTE"
I,QUEENS BOROUGH PUB. LIB.,LQ-D122,,,28500000,0,13840063,103514000,,"CITY COUNCIL FUNDING FOR THE CONSTRUCTION, RECONSTRUCTION, REHABILITATION, IMPROVEMENTS, SITE ACQUISITION, INITIAL OUTFITTING AND PURCHASES OF FURNITURE AND EQUIPMENT FOR BRANCH LIBRARIES, QUEENS ACQUISITION, CONSTRUCTION, RECONSTRUCTION, FURNITURE AND EQUIPMENT AND SITE ACQUISITION FOR BRANCH LIBRARIES, QUEENS",,,"ELIMINATE, SUBSTITUTE"
I,PARKS,P-D017,,,68867000,0,0,0,,"CITY COUNCIL FUNDING FOR MISCELLANEOUS PARKS, PARKWAYS, PLAYGROUNDS AND STRUCTURES: ACQUISITION, CONSTRUCTION, RECONSTRUCTION AND IMPROVEMENTS, BROOKLYN.",,,"ELIMINATE, SUBSTITUTE"
I,PARKS,P-D018,,,38189000,0,0,0,,"CITY COUNCIL FUNDING FOR MISCELLANEOUS PARKS, PARKWAYS, PLAYGROUNDS AND STRUCTURES: ACQUISITION, CONSTRUCTION, RECONSTRUCTION AND IMPROVEMENTS, INCLUDING VEHICLES AND EQUIPMENT, MANHATTAN",,,"ELIMINATE, SUBSTITUTE"
I,PARKS,P-D019,,,62817000,10000000,0,0,,"CITY COUNCIL FUNDING FOR MISCELLANEOUS PARKS, PARKWAYS, PLAYGROUNDS AND STRUCTURES: ACQUISITION, CONSTRUCTION, RECONSTRUCTION AND IMPROVEMENTS, QUEENS",,,"ELIMINATE, SUBSTITUTE"
I,PARKS,P-D020,,,17620000,0,0,0,,"CITY COUNCIL FUNDING FOR MISCELLANEOUS PARKS, PARKWAYS, PLAYGROUNDS AND STRUCTURES: ACQUISITION, CONSTRUCTION, RECONSTRUCTION AND IMPROVEMENTS, INCLUDING VEHICLES AND EQUIPMENT, STATEN ISLAND",,,"ELIMINATE, SUBSTITUTE"
I,PARKS,P-D021,,,21219000,0,0,0,,"CITY COUNCIL FUNDING FOR MISCELLANEOUS PARKS, PARKWAYS, PLAYGROUNDS AND STRUCTURES: ACQUISITION, CONSTRUCTION, RECONSTRUCTION AND IMPROVEMENTS, INCLUDING VEHICLES AND EQUIPMENT, THE BRONX",,,"ELIMINATE, SUBSTITUTE"
I,PARKS,P-D822,,,2488000,0,0,0,,"CITY COUNCIL FUNDING FOR COMPREHENSIVE PROGRAMS FOR GREEN STREETS, STREET AND PARK TREE REHABILITATION, REPLACEMENT AND PLANTING, CITYWIDE",,,"ELIMINATE, SUBSTITUTE"
I,PARKS,P-D933,,,24112832,5000000,55465000,14673000,,"PURCHASE OF AUTOMOTIVE AND OTHER EQUIPMENT HAVING A UNIT COST OF AT LEAST $35,000 AND A LIFE EXPECTANCY OF AT LEAST FIVE YEARS FOR USE BY THE DEPARTMENT OF PARKS AND RECREATION CHANGE TITLE TO READ: PURCHASE OF AUTOMOTIVE AND OTHER EQUIPMENT HAVING A UNIT COST OF AT LEAST $50,000 AND A LIFE EXPECTANCY OF AT LEAST FIVE YEARS FOR USE BY THE DEPARTMENT OF PARKS AND RECREATION MISCELLANEOUS PARKS, PARKWAYS, PLAYGROUNDS AND IMPROVEMENTS, BROOKLYN (F) (S) (P) (F) (S) (P) MISCELLANEOUS PARKS, PARKWAYS, PLAYGROUNDS AND IMPROVEMENTS, MANHATTAN (F) (F) MISCELLANEOUS PARKS, PARKWAYS, PLAYGROUNDS AND IMPROVEMENTS, QUEENS (F) (F)",,,"ELIMINATE, SUBSTITUTE"
I,POLICE,PO-D185,,,18691863,6921000,0,0,,"CITY COUNCIL FUNDING FOR THE PURCHASE OF VEHICLES AND OTHER EQUIPMENT FOR USE BY THE POLICE DEPARTMENT, CITYWIDE PURCHASE OF AUTOMOTIVE AND OTHER EQUIPMENT NOVEMBER AND A LIFE EXPECTANCY OF AT LEAST (F) FIVE YEARS FOR USE BY THE POLICE DEPARTMENT CHANGE TITLE TO READ: PURCHASE OF VEHICLES AND OTHER EQUIPMENT FOR (F) USE BY THE POLICE DEPARTMENT, CITYWIDE",,,"ELIMINATE, SUBSTITUTE"
I,"RESILIENCY, TECHNOLOGY & EQUIP.",PU-D100,,,5000000,0,0,0,,"(NEW PROJECT) CITY COUNCIL FUNDING FOR CAPITAL INVESTMENTS TO ACHIEVE GREATER SUSTAINABILITY AND RESILIENCY, INCLUDING CONSTRUCTION, RECONSTRUCTION, ACQUISITION, EQUIPMENT, OR INSTALLATION OF PHYSICAL PUBLIC BETTERMENTS WITH A CITY PURPOSE, WHICH WOULD BE CLASSIFIED AS CAPITAL ASSETS UNDER GENERALLY ACCEPTED ACCOUNTING PRINCIPLES FOR MUNICIPALITIES, CITYWIDE.",,,
I,CULTURAL INSTITUTIONS,PV-DN004,,,1000000,0,0,0,,"(NEW PROJECT) CONSTRUCTION, RECONSTRUCTION, ACQUISITION OR INSTALLATION OF A NON-CITY OWNED PHYSICAL PUBLIC BETTERMENT OR IMPROVEMENT WITH A CITY PURPOSE, WHICH WOULD BE CLASSIFIED AS A CAPITAL ASSET UNDER GENERALLY ACCEPTED ACCOUNTING PRINCIPLES FOR MUNICIPALITIES; FOR THE 92ND STREET YOUNG MEN'S AND YOUNG WOMEN'S HEBREW ASSOCIATION (YM&YWHA).",,,
I,CULTURAL INSTITUTIONS,PV-DN01Y,,,123000,0,0,0,,"CONSTRUCTION, RECONSTRUCTION, ACQUISITION OR INSTALLATION OF A NON-CITY OWNED PHYSICAL PUBLIC BETTERMENT OR IMPROVEMENT WITH A CITY PURPOSE, WHICH WOULD BE CLASSIFIED AS A CAPITAL ASSET UNDER GENERALLY ACCEPTED ACCOUNTING PRINCIPLES FOR MUNICIPALITIES; FOR CHASHAMA, INC.",,,"ELIMINATE, SUBSTITUTE"
I,CULTURAL INSTITUTIONS,PV-DN027,,,2500000,0,0,0,,"CONSTRUCTION, RECONSTRUCTION, ACQUISITION OR INSTALLATION OF A NON-CITY OWNED PHYSICAL PUBLIC BETTERMENT OR IMPROVEMENT WITH A CITY PURPOSE, WHICH WOULD BE CLASSIFIED AS A CAPITAL ASSET UNDER GENERALLY ACCEPTED ACCOUNTING PRINCIPLES FOR MUNICIPALITIES; FOR THE APOLLO THEATER FOUNDATION.",,,"ELIMINATE, SUBSTITUTE"
I,CULTURAL INSTITUTIONS,PV-DN04W,,,100000,0,0,0,,"CONSTRUCTION, RECONSTRUCTION, ACQUISITION OR INSTALLATION OF A NON-CITY OWNED PHYSICAL PUBLIC BETTERMENT OR IMPROVEMENT WITH A CITY PURPOSE, WHICH WOULD BE CLASSIFIED AS A CAPITAL ASSET UNDER GENERALLY ACCEPTED ACCOUNTING PRINCIPLES FOR MUNICIPALITIES; FOR UNIONDOCS, INC.",,,"ELIMINATE, SUBSTITUTE"
I,CULTURAL INSTITUTIONS,PV-DN04Z,,,150000,0,0,0,,"CONSTRUCTION, RECONSTRUCTION, ACQUISITION OR INSTALLATION OF A NON-CITY OWNED PHYSICAL PUBLIC BETTERMENT OR IMPROVEMENT WITH A CITY PURPOSE, WHICH WOULD BE CLASSIFIED AS A CAPITAL ASSET UNDER GENERALLY ACCEPTED ACCOUNTING PRINCIPLES FOR MUNICIPALITIES; FOR THE APERTURE FOUNDATION, INC.",,,"ELIMINATE, SUBSTITUTE"
I,CULTURAL INSTITUTIONS,PV-DN05B,,,100000,0,0,0,,"CONSTRUCTION, RECONSTRUCTION, ACQUISITION OR INSTALLATION OF A NON-CITY OWNED PHYSICAL PUBLIC BETTERMENT OR IMPROVEMENT WITH A CITY PURPOSE, WHICH WOULD BE CLASSIFIED AS A CAPITAL ASSET UNDER GENERALLY ACCEPTED ACCOUNTING PRINCIPLES FOR MUNICIPALITIES; FOR THE LUCILLE LORTEL THEATRE FOUNDATION INC.",,,"ELIMINATE, SUBSTITUTE"
I,CULTURAL INSTITUTIONS,PV-DN05C,,,210000,0,0,0,,"CONSTRUCTION, RECONSTRUCTION, ACQUISITION OR INSTALLATION OF A NON-CITY OWNED PHYSICAL PUBLIC BETTERMENT OR IMPROVEMENT WITH A CITY PURPOSE, WHICH WOULD BE CLASSIFIED AS A CAPITAL ASSET UNDER GENERALLY ACCEPTED ACCOUNTING PRINCIPLES FOR MUNICIPALITIES; FOR THE NATIONAL SEPTEMBER MEMORIAL AND MUSEUM AT THE WORLD TRADE.",,,"ELIMINATE, SUBSTITUTE"
I,CULTURAL INSTITUTIONS,PV-DN05L,,,250000,0,0,0,,"CONSTRUCTION, RECONSTRUCTION, ACQUISITION OR INSTALLATION OF A NON-CITY OWNED PHYSICAL PUBLIC BETTERMENT OR IMPROVEMENT WITH A CITY PURPOSE, WHICH WOULD BE CLASSIFIED AS A CAPITAL ASSET UNDER GENERALLY ACCEPTED ACCOUNTING PRINCIPLES FOR MUNICIPALITIES; FOR THE SESAME FLYERS INTERNATIONAL, INC.",,,"ELIMINATE, SUBSTITUTE"
I,CULTURAL INSTITUTIONS,PV-DN05N,,,1013000,0,0,0,,"CONSTRUCTION, RECONSTRUCTION, ACQUISITION OR INSTALLATION OF A NON-CITY OWNED PHYSICAL PUBLIC BETTERMENT OR IMPROVEMENT WITH A CITY PURPOSE, WHICH WOULD BE CLASSIFIED AS A CAPITAL ASSET UNDER GENERALLY ACCEPTED ACCOUNTING PRINCIPLES FOR MUNICIPALITIES; FOR INDIESPACE DBA INDIE THEATER FUND.",,,"ELIMINATE, SUBSTITUTE"
I,CULTURAL INSTITUTIONS,PV-DN06E,,,75000,0,0,0,,"(NEW PROJECT) CONSTRUCTION, RECONSTRUCTION, ACQUISITION OR INSTALLATION OF A NON-CITY OWNED PHYSICAL PUBLIC BETTERMENT OR IMPROVEMENT WITH A CITY PURPOSE, WHICH WOULD BE CLASSIFIED AS A CAPITAL ASSET UNDER GENERALLY ACCEPTED ACCOUNTING PRINCIPLES FOR MUNICIPALITIES; FOR THE ART STUDENTS LEAGUE OF NEW YORK.",,,
I,CULTURAL INSTITUTIONS,PV-DN075,,,500000,0,0,0,,"CONSTRUCTION, RECONSTRUCTION, ACQUISITION OR INSTALLATION OF A NON-CITY OWNED PHYSICAL PUBLIC BETTERMENT OR IMPROVEMENT WITH A CITY PURPOSE, WHICH WOULD BE CLASSIFIED AS A CAPITAL ASSET UNDER GENERALLY ACCEPTED ACCOUNTING PRINCIPLES FOR MUNICIPALITIES; FOR THE BROOKLYN MUSIC SCHOOL.",,,"ELIMINATE, SUBSTITUTE"
I,CULTURAL INSTITUTIONS,PV-DN099,,,4575000,0,0,0,,"CONSTRUCTION, RECONSTRUCTION, ACQUISITION OR INSTALLATION OF A NON-CITY OWNED PHYSICAL PUBLIC BETTERMENT OR IMPROVEMENT WITH A CITY PURPOSE, WHICH WOULD BE CLASSIFIED AS A CAPITAL ASSET UNDER GENERALLY ACCEPTED ACCOUNTING PRINCIPLES FOR MUNICIPALITIES; FOR CHILDREN'S MUSEUM OF MANHATTAN.",,,"ELIMINATE, SUBSTITUTE"
I,CULTURAL INSTITUTIONS,PV-DN132,,,100000,0,0,0,,"CONSTRUCTION, RECONSTRUCTION, ACQUISITION OR INSTALLATION OF A NON-CITY OWNED PHYSICAL PUBLIC BETTERMENT OR IMPROVEMENT WITH A CITY PURPOSE, WHICH WOULD BE CLASSIFIED AS A CAPITAL ASSET UNDER GENERALLY ACCEPTED ACCOUNTING PRINCIPLES FOR MUNICIPALITIES; FOR THE DOWNTOWN COMMUNITY TELEVISION CENTER (DCTV).",,,"ELIMINATE, SUBSTITUTE"
I,CULTURAL INSTITUTIONS,PV-DN143,,,75000,0,0,0,,"CONSTRUCTION, RECONSTRUCTION, ACQUISITION OR INSTALLATION OF A NON-CITY OWNED PHYSICAL PUBLIC BETTERMENT OR IMPROVEMENT WITH A CITY PURPOSE, WHICH WOULD BE CLASSIFIED AS A CAPITAL ASSET UNDER GENERALLY ACCEPTED ACCOUNTING PRINCIPLES FOR MUNICIPALITIES; FOR THE ELAINE KAUFMAN CULTURAL CENTER.",,,"ELIMINATE, SUBSTITUTE"
I,CULTURAL INSTITUTIONS,PV-DN176,,,321000,0,0,0,,"CONSTRUCTION, RECONSTRUCTION, ACQUISITION OR INSTALLATION OF A NON-CITY OWNED PHYSICAL PUBLIC BETTERMENT OR IMPROVEMENT WITH A CITY PURPOSE, WHICH WOULD BE CLASSIFIED AS A CAPITAL ASSET UNDER GENERALLY ACCEPTED ACCOUNTING PRINCIPLES FOR MUNICIPALITIES; FOR THE GUGGENHEIM MUSEUM.",,,"ELIMINATE, SUBSTITUTE"
I,CULTURAL INSTITUTIONS,PV-DN195,,,100000,0,0,0,,"CONSTRUCTION, RECONSTRUCTION, ACQUISITION OR INSTALLATION OF A NON-CITY OWNED PHYSICAL PUBLIC BETTERMENT OR IMPROVEMENT WITH A CITY PURPOSE, WHICH WOULD BE CLASSIFIED AS A CAPITAL ASSET UNDER GENERALLY ACCEPTED ACCOUNTING PRINCIPLES FOR MUNICIPALITIES; FOR AN CLAIDHEAMH SOLUIS, INC. / IRISH ARTS CENTER.",,,"ELIMINATE, SUBSTITUTE"
I,CULTURAL INSTITUTIONS,PV-DN204,,,75000,0,0,0,,"CONSTRUCTION, RECONSTRUCTION, ACQUISITION OR INSTALLATION OF A NON-CITY OWNED PHYSICAL PUBLIC BETTERMENT OR IMPROVEMENT WITH A CITY PURPOSE, WHICH WOULD BE CLASSIFIED AS A CAPITAL ASSET UNDER GENERALLY ACCEPTED ACCOUNTING PRINCIPLES FOR MUNICIPALITIES; FOR THE JAZZ AT LINCOLN CENTER.",,,"ELIMINATE, SUBSTITUTE"
I,CULTURAL INSTITUTIONS,PV-DN209,,,9722000,0,0,0,,"CONSTRUCTION, RECONSTRUCTION, ACQUISITION OR INSTALLATION OF A NON-CITY OWNED PHYSICAL PUBLIC BETTERMENT OR IMPROVEMENT WITH A CITY PURPOSE, WHICH WOULD BE CLASSIFIED AS A CAPITAL ASSET UNDER GENERALLY ACCEPTED ACCOUNTING PRINCIPLES FOR MUNICIPALITIES; FOR THE JEWISH CHILDREN'S MUSEUM.",,,"ELIMINATE, SUBSTITUTE"
I,CULTURAL INSTITUTIONS,PV-DN222,,,6000000,0,0,0,,"CONSTRUCTION, RECONSTRUCTION, ACQUISITION OR INSTALLATION OF A NON-CITY OWNED PHYSICAL PUBLIC BETTERMENT OR IMPROVEMENT WITH A CITY PURPOSE, WHICH WOULD BE CLASSIFIED AS A CAPITAL ASSET UNDER GENERALLY ACCEPTED ACCOUNTING PRINCIPLES FOR MUNICIPALITIES; FOR THE JOYCE THEATER.",,,"ELIMINATE, SUBSTITUTE"
I,CULTURAL INSTITUTIONS,PV-DN266,,,300000,0,0,0,,"CONSTRUCTION, RECONSTRUCTION, ACQUISITION OR INSTALLATION OF A NON-CITY OWNED PHYSICAL PUBLIC BETTERMENT OR IMPROVEMENT WITH A CITY PURPOSE, WHICH WOULD BE CLASSIFIED AS A CAPITAL ASSET UNDER GENERALLY ACCEPTED ACCOUNTING PRINCIPLES FOR MUNICIPALITIES; FOR THE MIND-BUILDERS CREATIVE ARTS CENTER.",,,"ELIMINATE, SUBSTITUTE"
I,CULTURAL INSTITUTIONS,PV-DN285,,,175000,0,0,0,,"CONSTRUCTION, RECONSTRUCTION, ACQUISITION OR INSTALLATION OF A NON-CITY OWNED PHYSICAL PUBLIC BETTERMENT OR IMPROVEMENT WITH A CITY PURPOSE, WHICH WOULD BE CLASSIFIED AS A CAPITAL ASSET UNDER GENERALLY ACCEPTED ACCOUNTING PRINCIPLES FOR MUNICIPALITIES; FOR THE NATIONAL BLACK THEATER.",,,"ELIMINATE, SUBSTITUTE"
I,CULTURAL INSTITUTIONS,PV-DN290,,,450000,0,0,0,,"CONSTRUCTION, RECONSTRUCTION, ACQUISITION OR INSTALLATION OF A NON-CITY OWNED PHYSICAL PUBLIC BETTERMENT OR IMPROVEMENT WITH A CITY PURPOSE, WHICH WOULD BE CLASSIFIED AS A CAPITAL ASSET UNDER GENERALLY ACCEPTED ACCOUNTING PRINCIPLES FOR MUNICIPALITIES; FOR THE NEW 42ND STREET INC.",,,"ELIMINATE, SUBSTITUTE"
I,CULTURAL INSTITUTIONS,PV-DN304,,,75000,0,0,0,,"CONSTRUCTION, RECONSTRUCTION, ACQUISITION OR INSTALLATION OF A NON-CITY OWNED PHYSICAL PUBLIC BETTERMENT OR IMPROVEMENT WITH A CITY PURPOSE, WHICH WOULD BE CLASSIFIED AS A CAPITAL ASSET UNDER GENERALLY ACCEPTED ACCOUNTING PRINCIPLES FOR MUNICIPALITIES; FOR THE NEW YORK HISTORICAL SOCIETY.",,,"ELIMINATE, SUBSTITUTE"
I,CULTURAL INSTITUTIONS,PV-DN329,,,500000,0,0,0,,"CONSTRUCTION, RECONSTRUCTION, ACQUISITION OR INSTALLATION OF A NON-CITY OWNED PHYSICAL PUBLIC BETTERMENT OR IMPROVEMENT WITH A CITY PURPOSE, WHICH WOULD BE CLASSIFIED AS A CAPITAL ASSET UNDER GENERALLY ACCEPTED ACCOUNTING PRINCIPLES FOR MUNICIPALITIES; FOR THE PLAYWRIGHTS HORIZONS, INC.",,,"ELIMINATE, SUBSTITUTE"
I,CULTURAL INSTITUTIONS,PV-DN354,,,3250000,0,0,0,,"CONSTRUCTION, RECONSTRUCTION, ACQUISITION OR INSTALLATION OF A NON-CITY OWNED PHYSICAL PUBLIC BETTERMENT OR IMPROVEMENT WITH A CITY PURPOSE, WHICH WOULD BE CLASSIFIED AS A CAPITAL ASSET UNDER GENERALLY ACCEPTED ACCOUNTING PRINCIPLES FOR MUNICIPALITIES; FOR THE ROUNDABOUT THEATRE COMPANY.",,,"ELIMINATE, SUBSTITUTE"
I,CULTURAL INSTITUTIONS,PV-DN364,,,1470000,0,0,0,,"CONSTRUCTION, RECONSTRUCTION, ACQUISITION OR INSTALLATION OF A NON-CITY OWNED PHYSICAL PUBLIC BETTERMENT OR IMPROVEMENT WITH A CITY PURPOSE, WHICH WOULD BE CLASSIFIED AS A CAPITAL ASSET UNDER GENERALLY ACCEPTED ACCOUNTING PRINCIPLES FOR MUNICIPALITIES; FOR THE ST. GEORGE THEATER.",,,"ELIMINATE, SUBSTITUTE"
I,CULTURAL INSTITUTIONS,PV-DN381,,,1100000,0,0,0,,"CONSTRUCTION, RECONSTRUCTION, ACQUISITION OR INSTALLATION OF A NON-CITY OWNED PHYSICAL PUBLIC BETTERMENT OR IMPROVEMENT WITH A CITY PURPOSE, WHICH WOULD BE CLASSIFIED AS A CAPITAL ASSET UNDER GENERALLY ACCEPTED ACCOUNTING PRINCIPLES FOR MUNICIPALITIES; FOR THE SEVENTH REGIMENT ARMORY CONSERVANCY.",,,"ELIMINATE, SUBSTITUTE"
I,CULTURAL INSTITUTIONS,PV-DN409,,,575000,0,0,0,,"CONSTRUCTION, RECONSTRUCTION, ACQUISITION OR INSTALLATION OF A NON-CITY OWNED PHYSICAL PUBLIC BETTERMENT OR IMPROVEMENT WITH A CITY PURPOSE, WHICH WOULD BE CLASSIFIED AS A CAPITAL ASSET UNDER GENERALLY ACCEPTED ACCOUNTING PRINCIPLES FOR MUNICIPALITIES; FOR SYMPHONY SPACE.",,,"ELIMINATE, SUBSTITUTE"
I,CULTURAL INSTITUTIONS,PV-DN424,,,50000,0,0,0,,"CONSTRUCTION, RECONSTRUCTION, ACQUISITION OR INSTALLATION OF A NON-CITY OWNED PHYSICAL PUBLIC BETTERMENT OR IMPROVEMENT WITH A CITY PURPOSE, WHICH WOULD BE CLASSIFIED AS A CAPITAL ASSET UNDER GENERALLY ACCEPTED ACCOUNTING PRINCIPLES FOR MUNICIPALITIES; FOR HALEAKALA, INC. D/B/A THE KITCHEN.",,,"ELIMINATE, SUBSTITUTE"
I,CULTURAL INSTITUTIONS,PV-DN653,,,300000,0,0,0,,"CONSTRUCTION, RECONSTRUCTION, ACQUISITION OR INSTALLATION OF A NON-CITY OWNED PHYSICAL PUBLIC BETTERMENT OR IMPROVEMENT WITH A CITY PURPOSE, WHICH WOULD BE CLASSIFIED AS A CAPITAL ASSET UNDER GENERALLY ACCEPTED ACCOUNTING PRINCIPLES FOR MUNICIPALITIES; FOR THE HENRY STREET SETTLEMENT.",,,"ELIMINATE, SUBSTITUTE"
I,CULTURAL INSTITUTIONS,PV-DN767,,,100000,0,0,0,,"CONSTRUCTION, RECONSTRUCTION, ACQUISITION OR INSTALLATION OF A NON-CITY OWNED PHYSICAL PUBLIC BETTERMENT OR IMPROVEMENT WITH A CITY PURPOSE, WHICH WOULD BE CLASSIFIED AS A CAPITAL ASSET UNDER GENERALLY ACCEPTED ACCOUNTING PRINCIPLES FOR MUNICIPALITIES; FOR ROOFTOP FILMS, INC.",,,"ELIMINATE, SUBSTITUTE"
I,CULTURAL INSTITUTIONS,PV-DN789,,,491000,0,0,0,,"CONSTRUCTION, RECONSTRUCTION, ACQUISITION OR INSTALLATION OF A NON-CITY OWNED PHYSICAL PUBLIC BETTERMENT OR IMPROVEMENT WITH A CITY PURPOSE, WHICH WOULD BE CLASSIFIED AS A CAPITAL ASSET UNDER GENERALLY ACCEPTED ACCOUNTING PRINCIPLES FOR MUNICIPALITIES; FOR THE TOWN HALL FOUNDATION, INC.",,,"ELIMINATE, SUBSTITUTE"
I,CULTURAL INSTITUTIONS,PV-DN791,,,100000,0,0,0,,"CONSTRUCTION, RECONSTRUCTION, ACQUISITION OR INSTALLATION OF A NON-CITY OWNED PHYSICAL PUBLIC BETTERMENT OR IMPROVEMENT WITH A CITY PURPOSE, WHICH WOULD BE CLASSIFIED AS A CAPITAL ASSET UNDER GENERALLY ACCEPTED ACCOUNTING PRINCIPLES FOR MUNICIPALITIES; FOR THE THEATER FOR THE NEW CITY FOUNDATION, INC.",,,"ELIMINATE, SUBSTITUTE"
I,CULTURAL INSTITUTIONS,PV-DN814,,,70000,0,0,0,,"CONSTRUCTION, RECONSTRUCTION, ACQUISITION OR INSTALLATION OF A NON-CITY OWNED PHYSICAL PUBLIC BETTERMENT OR IMPROVEMENT WITH A CITY PURPOSE, WHICH WOULD BE CLASSIFIED AS A CAPITAL ASSET UNDER GENERALLY ACCEPTED ACCOUNTING PRINCIPLES FOR MUNICIPALITIES; FOR THE DIA CENTER FOR THE ARTS, INC.",,,"ELIMINATE, SUBSTITUTE"
I,CULTURAL INSTITUTIONS,PV-DN829,,,50000,0,0,0,,"CONSTRUCTION, RECONSTRUCTION, ACQUISITION OR INSTALLATION OF A NON-CITY OWNED PHYSICAL PUBLIC BETTERMENT OR IMPROVEMENT WITH A CITY PURPOSE, WHICH WOULD BE CLASSIFIED AS A CAPITAL ASSET UNDER GENERALLY ACCEPTED ACCOUNTING PRINCIPLES FOR MUNICIPALITIES; FOR AARON DAVIS HALL, INC. CHANGE TITLE TO READ: CONSTRUCTION, RECONSTRUCTION, ACQUISITION OR INSTALLATION OF A NON-CITY OWNED PHYSICAL PUBLIC BETTERMENT OR IMPROVEMENT WITH A CITY PURPOSE, WHICH WOULD BE CLASSIFIED AS A CAPITAL ASSET UNDER GENERALLY ACCEPTED ACCOUNTING PRINCIPLES FOR MUNICIPALITIES; FOR HARLEM STAGE INC. FORMERLY AARON DAVIS HALL, INC.",,,"ELIMINATE, SUBSTITUTE"
I,CULTURAL INSTITUTIONS,PV-DN860,,,302000,0,0,0,,"CONSTRUCTION, RECONSTRUCTION, ACQUISITION OR INSTALLATION OF A NON-CITY OWNED PHYSICAL PUBLIC BETTERMENT OR IMPROVEMENT WITH A CITY PURPOSE, WHICH WOULD BE CLASSIFIED AS A CAPITAL ASSET UNDER GENERALLY ACCEPTED ACCOUNTING PRINCIPLES FOR MUNICIPALITIES; FOR JACQUES MARCHAIS MUSEUM OF TIBETAN ART.",,,"ELIMINATE, SUBSTITUTE"
I,CULTURAL INSTITUTIONS,PV-DN922,,,2200000,0,0,0,,"CONSTRUCTION, RECONSTRUCTION, ACQUISITION OR INSTALLATION OF A NON-CITY OWNED PHYSICAL PUBLIC BETTERMENT OR IMPROVEMENT WITH A CITY PURPOSE, WHICH WOULD BE CLASSIFIED AS A CAPITAL ASSET UNDER GENERALLY ACCEPTED ACCOUNTING PRINCIPLES FOR MUNICIPALITIES; FOR BROOKLYN-QUEENS CONSERVATORY OF MUSIC D/B/A BROOKLYN CONSERVATORY OF MUSIC (BKCM).",,,"ELIMINATE, SUBSTITUTE"
I,CULTURAL INSTITUTIONS,PV-DN991,,,4000000,0,0,0,,"CONSTRUCTION, RECONSTRUCTION, ACQUISITION OR INSTALLATION OF A NON-CITY OWNED PHYSICAL PUBLIC BETTERMENT OR IMPROVEMENT WITH A CITY PURPOSE, WHICH WOULD BE CLASSIFIED AS A CAPITAL ASSET UNDER GENERALLY ACCEPTED ACCOUNTING PRINCIPLES FOR MUNICIPALITIES; FOR THE AFRO LATIN JAZZ ALLIANCE OF NEW YORK, INC.",,,"ELIMINATE, SUBSTITUTE"
I,CULTURAL INSTITUTIONS,PV-D018,,,3000000,0,0,0,,"CITY COUNCIL FUNDING FOR EL MUSEO DEL BARRIO, RECONSTRUCTION, IMPROVEMENTS AND EQUIPMENT AND VEHICLE PURCHASES, MANHATTAN.",,,"ELIMINATE, SUBSTITUTE"
I,CULTURAL INSTITUTIONS,PV-D022,,,7000000,0,0,0,,"CITY COUNCIL FUNDING FOR THE METROPOLITAN MUSEUM OF ART, IMPROVEMENTS AND ADDITIONS, INCLUDING EQUIPMENT AND VEHICLE PURCHASES, MANHATTAN",,,"ELIMINATE, SUBSTITUTE"
I,CULTURAL INSTITUTIONS,PV-D034,,,7575000,0,0,0,,"CITY COUNCIL FUNDING FOR THE AMERICAN MUSEUM OF NATURAL HISTORY, ALTERATIONS AND IMPROVEMENTS TO BUILDINGS AND EQUIPMENT AND ADDITIONS TO EXISTING FACILITIES AND EQUIPMENT,INCLUDING VEHICLE AND EQUIPMENT PURCHASES.",,,"ELIMINATE, SUBSTITUTE"
I,CULTURAL INSTITUTIONS,PV-D101,,,200000,0,0,0,,"CITY COUNCIL FUNDING FOR THE ALTERATION AND RECONSTRUCTION OF THE MUSEUM OF JEWISH HERITAGE INCLUDING EQUIPMENT, MANHATTAN",,,"ELIMINATE, SUBSTITUTE"
I,CULTURAL INSTITUTIONS,PV-D205,,,2150000,0,0,0,,"CITY COUNCIL FUNDING FOR THE NEW YORK BOTANICAL GARDEN, ADDITIONS, RECONSTRUCTION, REHABILITATION, IMPROVEMENTS AND PURCHASES OF EQUIPMENT AND VEHICLES, THE BRONX.",,,"ELIMINATE, SUBSTITUTE"
I,CULTURAL INSTITUTIONS,PV-D230,,,1995000,0,0,0,,"CITY COUNCIL FUNDING FOR NEW YORK AQUARIUM BETTERMENTS, RECONSTRUCTION, ADDITIONS, LAND ACQUISITION AND PURCHASES OF EQUIPMENT AND VEHICLES, BROOKLYN",,,"ELIMINATE, SUBSTITUTE"
I,CULTURAL INSTITUTIONS,PV-D236,,,2550000,0,0,0,,"CITY COUNCIL FUNDING FOR THE BROOKLYN BOTANIC GARDEN, ALTERATION, RECONSTRUCTION, GENERAL IMPROVEMENTS TO GARDEN AND BUILDING, PURCHASES OF VEHICLES AND EQUIPMENT.",,,"ELIMINATE, SUBSTITUTE"
I,CULTURAL INSTITUTIONS,PV-D241,,,1000000,0,0,0,,"MUSEUM OF THE CITY OF NEW YORK, RECONSTRUCTION, IMPROVEMENTS AND PURCHASES OF EQUIPMENT AND VEHICLES, MANHATTAN.",,,"ELIMINATE, SUBSTITUTE"
I,CULTURAL INSTITUTIONS,PV-D272,,,690000,0,0,0,,"CITY COUNCIL FUNDING FOR THE QUEENS BOTANICAL GARDEN SOCIETY, CONSTRUCTION, RECONSTRUCTION, IMPROVEMENTS AND PURCHASE OF EQUIPMENT AND VEHICLES",,,"ELIMINATE, SUBSTITUTE"
I,CULTURAL INSTITUTIONS,PV-D274,,,400000,0,0,0,,"CITY COUNCIL FUNDING FOR THE HALL OF SCIENCE, FLUSHING MEADOW PARK, CONSTRUCTION, RECONSTRUCTION, IMPROVEMENTS AND PURCHASES OF EQUIPMENT AND VEHICLES, QUEENS.",,,"ELIMINATE, SUBSTITUTE"
I,CULTURAL INSTITUTIONS,PV-D279,,,265000,0,0,0,,"CITY COUNCIL FUNDING FOR CITY CENTER, MANHATTAN, RECONSTRUCTION, IMPROVEMENTS AND PURCHASE OF EQUIPMENT AND VEHICLES, MANHATTAN",,,"ELIMINATE, SUBSTITUTE"
I,CULTURAL INSTITUTIONS,PV-D289,,,1500000,0,0,0,,"RECONSTRUCTION, NEW YORK SHAKESPEARE FESTIVAL PUBLIC THEATER AND DELACORTE THEATER, PURCHASE OF EQUIPMENT AND VEHICLES, MANHATTAN",,,"ELIMINATE, SUBSTITUTE"
I,CULTURAL INSTITUTIONS,PV-D464,,,1400000,0,0,0,,"CITY COUNCIL FUNDING FOR THE WAVE HILL ENVIRONMENTAL CENTER, INDEPENDENCE AND PALISADE AVENUES, WEST 248TH TO WEST 252ND STREETS, CONSTRUCTION, RECONSTRUCTION, IMPROVEMENTS AND PURCHASE OF VEHICLES AND EQUIPMENT, BRONX",,,"ELIMINATE, SUBSTITUTE"
I,CULTURAL INSTITUTIONS,PV-D466,,,2000000,0,0,0,,"QUEENS THEATER IN THE PARK: RECONSTRUCTION AND IMPROVEMENTS, INCLUDING EQUIPMENT AND VEHICLES, QUEENS",,,"ELIMINATE, SUBSTITUTE"
I,CULTURAL INSTITUTIONS,PV-D471,,,4500000,0,0,0,,"CITY COUNCIL FUNDING FOR THE BRONX MUSEUM OF THE ARTS, RECONSTRUCTION AND IMPROVEMENTS INCLUDING THE PURCHASE OF EQUIPMENT AND VEHICLES, BRONX",,,"ELIMINATE, SUBSTITUTE"
I,CULTURAL INSTITUTIONS,PV-D489,,,500000,0,0,0,,"CITY COUNCIL FUNDING FOR LINCOLN CENTER, RECONSTRUCTION AND IMPROVEMENTS TO SITE, INCLUDING PURCHASES OF EQUIPMENT AND VEHICLES, MANHATTAN",,,"ELIMINATE, SUBSTITUTE"
I,CULTURAL INSTITUTIONS,PV-D490,,,347000,0,0,0,,"CITY COUNCIL FUNDING FOR THE DEVELOPMENT OF SNUG HARBOR SITE, PURCHASE OF EQUIPMENT AND VEHICLES, RECONSTRUCTION OF BUILDINGS, STATEN ISLAND.",,,"ELIMINATE, SUBSTITUTE"
I,CULTURAL INSTITUTIONS,PV-D520,,,800000,0,0,0,,"WEEKSVILLE, BROOKLYN: RECONSTRUCTION, LANDSCAPING, GENERAL IMPROVEMENTS AND PURCHASES OF EQUIPMENT AND VEHICLES FOR DEVELOPMENT OF HISTORICAL SITE CONSTRUCTION, RECONSTRUCTION, ACQUISITION OR INSTALLATION OF A NON-CITY OWNED PHYSICAL PUBLIC BETTERMENT OR IMPROVEMENT WITH A CITY PURPOSE, WHICH WOULD BE CLASSIFIED AS A CAPITAL ASSET UNDER GENERALLY ACCEPTED ACCOUNTING PRINCIPLES FOR MUNICIPALITIES; FOR THE 92ND STREET YOUNG MEN'S AND YOUNG WOMEN'S HEBREW ASSOCIATION (YM&YWHA). CONSTRUCTION, RECONSTRUCTION, ACQUISITION OR INSTALLATION OF A NON-CITY OWNED PHYSICAL PUBLIC BETTERMENT OR IMPROVEMENT WITH A CITY PURPOSE, WHICH WOULD BE CLASSIFIED AS A CAPITAL ASSET UNDER GENERALLY ACCEPTED ACCOUNTING PRINCIPLES FOR MUNICIPALITIES; FOR THE UNIVERSAL HIP HOP MUSEUM.",,,"ELIMINATE, SUBSTITUTE"
I,PUBLIC BUILDINGS,PW-DN03B,,,100000,0,0,0,,"CONSTRUCTION, RECONSTRUCTION, ACQUISITION OR INSTALLATION OF A NON-CITY OWNED PHYSICAL PUBLIC BETTERMENT OR IMPROVEMENT WITH A CITY PURPOSE, WHICH WOULD BE CLASSIFIED AS A CAPITAL ASSET UNDER GENERALLY ACCEPTED ACCOUNTING PRINCIPLES FOR MUNICIPALITIES; FOR THE HORTICULTURAL SOCIETY OF NEW YORK.",,,"ELIMINATE, SUBSTITUTE"
I,PUBLIC BUILDINGS,PW-DN03J,,,744000,0,0,0,,"CONSTRUCTION, RECONSTRUCTION, ACQUISITION OR INSTALLATION OF A NON-CITY OWNED PHYSICAL PUBLIC BETTERMENT OR IMPROVEMENT WITH A CITY PURPOSE, WHICH WOULD BE CLASSIFIED AS A CAPITAL ASSET UNDER GENERALLY ACCEPTED ACCOUNTING PRINCIPLES FOR MUNICIPALITIES; FOR TOURO COLLEGE.",,,"ELIMINATE, SUBSTITUTE"
I,PUBLIC BUILDINGS,PW-DN200,,,195000,0,0,0,,"CONSTRUCTION, RECONSTRUCTION, ACQUISITION OR INSTALLATION OF A NON-CITY OWNED PHYSICAL PUBLIC BETTERMENT OR IMPROVEMENT WITH A CITY PURPOSE, WHICH WOULD BE CLASSIFIED AS A CAPITAL ASSET UNDER GENERALLY ACCEPTED ACCOUNTING PRINCIPLES FOR MUNICIPALITIES; FOR GAY MEN'S HEALTH CRISIS (GMHC).",,,"ELIMINATE, SUBSTITUTE"
I,PUBLIC BUILDINGS,PW-DN208,,,350000,0,0,0,,"CONSTRUCTION, RECONSTRUCTION, ACQUISITION OR INSTALLATION OF A NON-CITY OWNED PHYSICAL PUBLIC BETTERMENT OR IMPROVEMENT WITH A CITY PURPOSE, WHICH WOULD BE CLASSIFIED AS A CAPITAL ASSET UNDER GENERALLY ACCEPTED ACCOUNTING PRINCIPLES FOR MUNICIPALITIES; FOR THE HISPANIC FEDERATION.",,,"ELIMINATE, SUBSTITUTE"
I,PUBLIC BUILDINGS,PW-DN246,,,1271000,0,0,0,,"CONSTRUCTION, RECONSTRUCTION, ACQUISITION OR INSTALLATION OF A NON-CITY OWNED PHYSICAL PUBLIC BETTERMENT OR IMPROVEMENT WITH A CITY PURPOSE, WHICH WOULD BE CLASSIFIED AS A CAPITAL ASSET UNDER GENERALLY ACCEPTED ACCOUNTING PRINCIPLES FOR MUNICIPALITIES; FOR THE ARMORY FOUNDATION.",,,"ELIMINATE, SUBSTITUTE"
I,PUBLIC BUILDINGS,PW-DN317,,,749000,0,0,0,,"CONSTRUCTION, RECONSTRUCTION, ACQUISITION OR INSTALLATION OF A NON-CITY OWNED PHYSICAL PUBLIC BETTERMENT OR IMPROVEMENT WITH A CITY PURPOSE, WHICH WOULD BE CLASSIFIED AS A CAPITAL ASSET UNDER GENERALLY ACCEPTED ACCOUNTING PRINCIPLES FOR MUNICIPALITIES; FOR OHEL CHILDREN'S HOME & FAMILY SERVICES.",,,"ELIMINATE, SUBSTITUTE"
I,PUBLIC BUILDINGS,PW-DN371,,,112000,0,0,0,,"CONSTRUCTION, RECONSTRUCTION, ACQUISITION OR INSTALLATION OF A NON-CITY OWNED PHYSICAL PUBLIC BETTERMENT OR IMPROVEMENT WITH A CITY PURPOSE, WHICH WOULD BE CLASSIFIED AS A CAPITAL ASSET UNDER GENERALLY ACCEPTED ACCOUNTING PRINCIPLES FOR MUNICIPALITIES; FOR THE SAMUEL FIELD YOUNG MEN'S AND YOUNG WOMEN'S HEBREW ASSOCIATION (YM & YWHA).",,,"ELIMINATE, SUBSTITUTE"
I,PUBLIC BUILDINGS,PW-DN382,,,1100000,0,0,0,,"CONSTRUCTION, RECONSTRUCTION, ACQUISITION OR INSTALLATION OF A NON-CITY OWNED PHYSICAL PUBLIC BETTERMENT OR IMPROVEMENT WITH A CITY PURPOSE, WHICH WOULD BE CLASSIFIED AS A CAPITAL ASSET UNDER GENERALLY ACCEPTED ACCOUNTING PRINCIPLES FOR MUNICIPALITIES; FOR SHEMA KOLAINU: HEAR OUR VOICES.",,,"ELIMINATE, SUBSTITUTE"
I,PUBLIC BUILDINGS,PW-DN436,,,748000,0,0,0,,"CONSTRUCTION, RECONSTRUCTION, ACQUISITION OR INSTALLATION OF A NON-CITY OWNED PHYSICAL PUBLIC BETTERMENT OR IMPROVEMENT WITH A CITY PURPOSE, WHICH WOULD BE CLASSIFIED AS A CAPITAL ASSET UNDER GENERALLY ACCEPTED ACCOUNTING PRINCIPLES FOR MUNICIPALITIES; FOR THE UNITED JEWISH ORGANIZATIONS OF WILLIAMSBURG.",,,"ELIMINATE, SUBSTITUTE"
I,PUBLIC BUILDINGS,PW-DN496,,,0,0,0,0,,"CONSTRUCTION, RECONSTRUCTION, ACQUISITION OR INSTALLATION OF A NON-CITY OWNED PHYSICAL PUBLIC BETTERMENT OR IMPROVEMENT WITH A CITY PURPOSE, WHICH WOULD BE CLASSIFIED AS A CAPITAL ASSET UNDER GENERALLY ACCEPTED ACCOUNTING PRINCIPLES FOR MUNICIPALITIES; FOR RIDGEWOOD BUSHWICK SENIOR CITIZENS COUNCIL, INC. CHANGE TITLE TO READ: CONSTRUCTION, RECONSTRUCTION, ACQUISITION OR INSTALLATION OF A NON-CITY OWNED PHYSICAL PUBLIC BETTERMENT OR IMPROVEMENT WITH A CITY PURPOSE, WHICH WOULD BE CLASSIFIED AS A CAPITAL ASSET UNDER GENERALLY ACCEPTED ACCOUNTING PRINCIPLES FOR MUNICIPALITIES; FOR THE RISEBORO COMMUNITY PARTNERSHIP FORMERLY KNOWN AS RIDGEWOOD BUSHWICK SENIOR CITIZENS COUNCIL, INC.",,,"ELIMINATE, SUBSTITUTE"
I,PUBLIC BUILDINGS,PW-DN722,,,3500000,0,0,0,,"CONSTRUCTION, RECONSTRUCTION, ACQUISITION OR INSTALLATION OF A NON-CITY OWNED PHYSICAL PUBLIC BETTERMENT OR IMPROVEMENT WITH A CITY PURPOSE, WHICH WOULD BE CLASSIFIED AS A CAPITAL ASSET UNDER GENERALLY ACCEPTED ACCOUNTING PRINCIPLES FOR MUNICIPALITIES; FOR THE QUEENS COMMUNITY HOUSE.",,,"ELIMINATE, SUBSTITUTE"
I,PUBLIC BUILDINGS,PW-DN792,,,110000,0,0,0,,"CONSTRUCTION, RECONSTRUCTION, ACQUISITION OR INSTALLATION OF A NON-CITY OWNED PHYSICAL PUBLIC BETTERMENT OR IMPROVEMENT WITH A CITY PURPOSE, WHICH WOULD BE CLASSIFIED AS A CAPITAL ASSET UNDER GENERALLY ACCEPTED ACCOUNTING PRINCIPLES FOR MUNICIPALITIES; FOR THE KINGSBRIDGE HEIGHTS COMMUNITY CENTER, INC.",,,"ELIMINATE, SUBSTITUTE"
I,PUBLIC BUILDINGS,PW-DN940,,,1300000,0,0,0,,"CONSTRUCTION, RECONSTRUCTION, ACQUISITION OR INSTALLATION OF A NON-CITY OWNED PHYSICAL PUBLIC BETTERMENT OR IMPROVEMENT WITH A CITY PURPOSE, WHICH WOULD BE CLASSIFIED AS A CAPITAL ASSET UNDER GENERALLY ACCEPTED ACCOUNTING PRINCIPLES FOR MUNICIPALITIES; FOR NEW YORK URBAN LEAGUE.",,,"ELIMINATE, SUBSTITUTE"
I,PUBLIC BUILDINGS,PW-DN984,,,193000,0,0,0,,"CONSTRUCTION, RECONSTRUCTION, ACQUISITION OR INSTALLATION OF A NON-CITY OWNED PHYSICAL PUBLIC BETTERMENT OR IMPROVEMENT WITH A CITY PURPOSE, WHICH WOULD BE CLASSIFIED AS A CAPITAL ASSET UNDER GENERALLY ACCEPTED ACCOUNTING PRINCIPLES FOR MUNICIPALITIES; FOR THE ASSOCIATION OF COMMUNITY EMPLOYMENT PROGRAMS FOR THE HOMELESS, INC.",,,"ELIMINATE, SUBSTITUTE"
I,PUBLIC BUILDINGS,PW-D308,,,156347194,95307000,119621000,45015000,,"CITY COUNCIL FUNDING FOR THE PURCHASE OF VEHICLES AND OTHER EQUIPMENT HAVING A UNIT COST OF AT LEAST $35,000 AND A LIFE EXPECTANCY OF AT LEAST FIVE YEARS FOR USE BY THE DEPARTMENT OF CITYWIDE ADMINISTRATIVE SERVICES, OTHER CITY AGENCIES, OR FOR OTHER PROJECTS WITH A CITY PURPOSE. CHANGE TITLE TO READ: CITY COUNCIL FUNDING FOR THE PURCHASE OF VEHICLES AND OTHER EQUIPMENT HAVING A UNIT COST OF AT LEAST $50,000 AND A LIFE EXPECTANCY OF AT LEAST FIVE YEARS FOR USE BY THE DEPARTMENT OF CITYWIDE ADMINISTRATIVE SERVICES, OTHER CITY AGENCIES, OR FOR OTHER PROJECTS WITH A CITY PURPOSE. ACQUISITION, CONSTRUCTION, RECONSTRUCTION, AND VEHICLES FOR PUBLIC BUILDINGS AND ADJACENT AREAS AND OTHER PROJECTS WITH A CITY PURPOSE, CITYWIDE.",,,"ELIMINATE, SUBSTITUTE"
I,SANITATION,S-D129,,,668000,0,0,0,,ACQUISITION OF COLLECTION TRUCKS AND OTHER MISCELLANEOUS EQUIPMENT,,,"ELIMINATE, SUBSTITUTE"
I,TRAFFIC,TF-D005,,,500000,0,0,0,,"INCIDENTAL TRAFFIC IMPROVEMENTS AND ALL REQUIRED ANCILLARY WORK AND STUDIES, CITYWIDE",,,"ELIMINATE, SUBSTITUTE"
I,TRAFFIC,TF-D503,,,70089797,89469000,11466000,3343000,,"CITY COUNCIL FUNDING FOR THE PURCHASE AND INSTALLATION OF LIGHTING EQUIPMENT FOR STREETS, PARKS, PLAYGROUNDS, SCHOOL YARDS, PARKWAYS, HIGHWAYS AND PUBLIC PLACES, CITYWIDE INSTALLATION OF STREET-SURFACE MARKINGS IN RECONSTRUCTION, INSTALLATION OF TRAFFIC SIGNALS (P) AND OTHER DEVICES AND APPURTENANCES, AND INSTALLATION OF ELECTRIC VEHICLE CHARGING INFRASTRUCTURE ON STREETS AND OFF-STREET PARKING FACILITIES, ALL BOROUGHS. (P)",,,"ELIMINATE, SUBSTITUTE"
