fiscal_year,document_type,local_file,legistar_matter_number,legistar_url,adoption_date,status,notes,adopting_event_id,adopting_body,adopting_action,adopting_datetime
2008,schedule_c,source/FY08/schedule_c_rvs_2008.pdf,Res 1090-2007,https://legistar.council.nyc.gov/LegislationDetail.aspx?ID=447681&GUID=6E45CB4C-554E-4CCD-9B7D-05325C990AB8,2007-10-17,confirmed,Per FY2008 pilot; committee report/hearing/press-release attachments present locally; no separate Schedule C schedule was ever a Legistar attachment.,7634,City Council,"Approved, by Council",2007-10-17T18:30:00
2008,capital_a,source/FY08/Res0910-2007-CapitalA-Press-Release.doc,Res 0910-2007,https://legistar.council.nyc.gov/LegislationDetail.aspx?ID=38974&GUID=DCF0B66A-F4B4-426E-B8AC-17A46D384BC3,2007-06-15,confirmed,Local files are cover materials (press release + hearing transcripts); no §254 schedule attachment on Legistar.,7434,City Council,"Approved, by Council",2007-06-15T13:30:00
2008,capital_b,,Res 0911-2007,https://legistar.council.nyc.gov/LegislationDetail.aspx?ID=38975&GUID=2517E038-365C-44CB-9EF2-1B90286D22D7,2007-06-15,not_located,Matter confirmed; no local file downloaded.,,,,
2008,transparency_reso_01,,Res 1310-2008,https://legistar.council.nyc.gov/LegislationDetail.aspx?ID=40585&GUID=8736844C-B466-4947-8400-7D13B8FC2C05,2008-03-12,not_located,Matter confirmed; no local file.,,,,
2008,transparency_reso_02,,Res 1437-2008,https://legistar.council.nyc.gov/LegislationDetail.aspx?ID=41085&GUID=F4ECC3FA-7164-42B5-9B71-F453A71F7F72,2008-05-28,not_located,Matter confirmed; no local file.,,,,
2008,transparency_reso_03,,Res 1503-2008,https://legistar.council.nyc.gov/LegislationDetail.aspx?ID=41377&GUID=D4DF1CC1-552F-42DD-B9F3-A60864F93AE3,2008-06-29,not_located,Matter confirmed; no local file.,,,,
2009,schedule_c,source/FY09/fy09-Schedule-C-final.pdf,Res 1585-2008,https://legistar.council.nyc.gov/LegislationDetail.aspx?ID=41463&GUID=7C9F99BE-DB59-4EBC-9434-0C1010881E09,2008-08-14,candidate,anchor (earliest in sequence); no separate Schedule C resolution after FY2008. Same matter as Transparency Reso 01.,,,,
2009,capital_a,,Res 1512-2008,https://legistar.council.nyc.gov/LegislationDetail.aspx?ID=41345&GUID=141861FE-0DC8-4C33-A7BA-E6F2A16CEB4A,2008-06-29,not_located,Matter confirmed; no local file.,,,,
2009,capital_b,source/FY09/fy09-adopt08_capreso.pdf,Res 1513-2008,https://legistar.council.nyc.gov/LegislationDetail.aspx?ID=41346&GUID=6D720891-78CF-45BB-8F22-550C045C51F1,2008-06-29,confirmed,,8362,City Council,"Approved, by Council",2008-06-29T21:00:00
2009,transparency_reso_01,source/FY09/transparency-resolutions/Transparency-Reso-01-2008-08-14.pdf,Res 1585-2008,https://legistar.council.nyc.gov/LegislationDetail.aspx?ID=41463&GUID=7C9F99BE-DB59-4EBC-9434-0C1010881E09,2008-08-14,confirmed,Same matter as FY2009 Schedule C anchor.,8389,City Council,"Approved, by Council",2008-08-14T18:30:00
2009,transparency_reso_02,source/FY09/transparency-resolutions/Transparency-Reso-02-2008-09-24.pdf,Res 1624-2008,https://legistar.council.nyc.gov/LegislationDetail.aspx?ID=41720&GUID=87F74AA0-65B0-454D-A12C-FDC8821512DA,2008-09-24,confirmed,,8450,City Council,"Approved, by Council",2008-09-24T18:30:00
2009,transparency_reso_03,source/FY09/transparency-resolutions/Transparency-Reso-03-2008-11-19.pdf,Res 1707-2008,https://legistar.council.nyc.gov/LegislationDetail.aspx?ID=41912&GUID=FD537A7E-0AEC-457D-9C58-218DA83565FC,2008-11-19,confirmed,Renamed from fy09-report_committee_finance.pdf.,8595,City Council,"Approved, by Council",2008-11-19T18:30:00
2009,transparency_reso_04,source/FY09/transparency-resolutions/Transparency-Reso-04-2008-12-18.pdf,Res 1740-2008,https://legistar.council.nyc.gov/LegislationDetail.aspx?ID=41998&GUID=2C0D15EA-B364-4005-B168-3A250C2A7FEF,2008-12-18,confirmed,Renamed from fy09-Scan001.pdf.,8674,City Council,"Approved, by Council",2008-12-18T18:30:00
2009,transparency_reso_05,source/FY09/transparency-resolutions/Transparency-Reso-05-2009-02-11.pdf,Res 1818-2009,https://legistar.council.nyc.gov/LegislationDetail.aspx?ID=42323&GUID=908CD458-0443-4521-8E49-88347CCD201C,2009-02-11,confirmed,,8758,City Council,"Approved, by Council",2009-02-11T18:30:00
2009,transparency_reso_06,source/FY09/transparency-resolutions/Transparency-Reso-06-2009-04-02.pdf,Res 1896-2009,https://legistar.council.nyc.gov/LegislationDetail.aspx?ID=42644&GUID=557DC6AA-6E15-4FAF-BF8D-FA3923D5348A,2009-04-02,confirmed,,8913,City Council,"Approved, by Council",2009-04-02T18:30:00
2009,transparency_reso_07,source/FY09/transparency-resolutions/Transparency-Reso-07-2009-04-22.pdf,Res 1934-2009,https://legistar.council.nyc.gov/LegislationDetail.aspx?ID=42729&GUID=090C22C3-7D61-4CB3-ACDB-3A372E68542C,2009-04-22,confirmed,Omnibus (covers FY2008 + FY2009).,8958,City Council,"Approved, by Council",2009-04-22T18:30:00
2009,transparency_reso_08,source/FY09/transparency-resolutions/Transparency-Reso-08-2009-05-20.pdf,Res 1985-2009,https://legistar.council.nyc.gov/LegislationDetail.aspx?ID=42996&GUID=C0EF6C0D-90D7-4DA0-A1BD-EA63B35F7FCA,2009-05-20,confirmed,,9058,City Council,"Approved, by Council",2009-05-20T18:30:00
2010,schedule_c,source/FY10/fy_2010_sched_c_final.pdf,Res 2033-2009,https://legistar.council.nyc.gov/LegislationDetail.aspx?ID=43180&GUID=F67CFFBF-94D0-4B08-87E3-8FCAA76A6C75,2009-06-19,candidate,anchor (earliest in sequence). Same matter as Transparency Reso 02.,,,,
2010,capital_a,,Res 2036-2009,https://legistar.council.nyc.gov/LegislationDetail.aspx?ID=43183&GUID=90C13620-E10B-4B5D-AE91-1A5A9F32AAF0,2009-06-19,not_located,Matter confirmed; no local file.,,,,
2010,capital_b,source/FY10/fy_2010_changes_exec_budget_top.pdf,Res 2037-2009,https://legistar.council.nyc.gov/LegislationDetail.aspx?ID=43184&GUID=0EE3EBDB-CBB6-4169-8933-025466A88B8E,2009-06-19,confirmed,,9138,City Council,"Approved, by Council",2009-06-19T14:30:00
2010,transparency_reso,,Res 2201-2009,https://legistar.council.nyc.gov/LegislationDetail.aspx?ID=43709&GUID=08D44EB8-CB73-418A-80AF-B62374C86F13,2009-09-30,not_located,Matter confirmed via get_bill (was a council.nyc.gov dead link); no local file. Sits between Transparency Reso 04 and 05.,,,,
2010,transparency_reso_01,source/FY10/transparency-resolutions/Transparency-Reso-01-2009-03-11.pdf,Res 1854-2009,https://legistar.council.nyc.gov/LegislationDetail.aspx?ID=42560&GUID=33080384-CE1C-48A7-9DCA-5A988992EEA5,2009-03-11,confirmed,,8864,City Council,"Approved, by Council",2009-03-11T18:30:00
2010,transparency_reso_02,source/FY10/transparency-resolutions/Transparency-Reso-02-2009-06-19.pdf,Res 2033-2009,https://legistar.council.nyc.gov/LegislationDetail.aspx?ID=43180&GUID=F67CFFBF-94D0-4B08-87E3-8FCAA76A6C75,2009-06-19,confirmed,Same matter as FY2010 Schedule C anchor.,9138,City Council,"Approved, by Council",2009-06-19T18:30:00
2010,transparency_reso_03,source/FY10/transparency-resolutions/Transparency-Reso-03-2009-06-30.pdf,Res 2061-2009,https://legistar.council.nyc.gov/LegislationDetail.aspx?ID=43229&GUID=2843987E-E2FF-4C3E-B8FF-FE49D0D01266,2009-06-30,confirmed,,9158,City Council,"Approved, by Council",2009-06-30T18:30:00
2010,transparency_reso_04,source/FY10/transparency-resolutions/Transparency-Reso-04-2009-08-20.pdf,Res 2147-2009,https://legistar.council.nyc.gov/LegislationDetail.aspx?ID=43522&GUID=042C66F0-4A5F-4498-9EAC-C88F234AF49F,2009-08-20,confirmed,,9207,City Council,"Approved, by Council",2009-08-20T18:30:00
2010,transparency_reso_05,source/FY10/transparency-resolutions/Transparency-Reso-05-2009-10-28.pdf,Res 2240-2009,https://legistar.council.nyc.gov/LegislationDetail.aspx?ID=43845&GUID=3215C320-42F2-4286-86EF-1AE1FC7B62FA,2009-10-28,confirmed,,9364,City Council,"Approved, by Council",2009-10-28T18:30:00
2010,transparency_reso_06,source/FY10/transparency-resolutions/Transparency-Reso-06-2009-11-16.pdf,Res 2262-2009,https://legistar.council.nyc.gov/LegislationDetail.aspx?ID=43935&GUID=744C19F6-DBCF-4257-8722-0754AFBEDE2D,2009-11-16,confirmed,,9429,City Council,"Approved, by Council",2009-11-16T18:30:00
2010,transparency_reso_07,source/FY10/transparency-resolutions/Transparency-Reso-07-2009-12-21.pdf,Res 2303-2009,https://legistar.council.nyc.gov/LegislationDetail.aspx?ID=44115&GUID=894CCEA7-51C8-45FF-90CD-8392A09E1D95,2009-12-21,confirmed,,9525,City Council,"Approved, by Council",2009-12-21T18:30:00
2010,transparency_reso_08,source/FY10/transparency-resolutions/Transparency-Reso-08-2010-03-03.pdf,Res 0058-2010,https://legistar.council.nyc.gov/LegislationDetail.aspx?ID=44450&GUID=1EB5A7E2-088A-437E-98FA-E48EE4DE67F9,2010-03-03,confirmed,,9695,City Council,"Approved, by Council",2010-03-03T18:30:00
2010,transparency_reso_09,source/FY10/transparency-resolutions/Transparency-Reso-09-2010-03-25.pdf,Res 0127-2010,https://legistar.council.nyc.gov/LegislationDetail.aspx?ID=44579&GUID=9AA5C81B-8BD7-4CB5-A722-5E175405686A,2010-03-25,confirmed,,9712,City Council,"Approved, by Council",2010-03-25T18:30:00
2010,transparency_reso_10,source/FY10/transparency-resolutions/Transparency-Reso-10-2010-04-29.pdf,Res 0206-2010,https://legistar.council.nyc.gov/LegislationDetail.aspx?ID=44924&GUID=943106E1-3C36-44E0-A5DE-D099996455E6,2010-04-29,confirmed,,9824,City Council,"Approved, by Council",2010-04-29T18:30:00
2010,transparency_reso_11,source/FY10/transparency-resolutions/Transparency-Reso-11-2010-05-25.pdf,Res 0246-2010,https://legistar.council.nyc.gov/LegislationDetail.aspx?ID=45114&GUID=E6591906-E663-4109-95EF-573910CD7739,2010-05-25,confirmed,,9913,City Council,"Approved, by Council",2010-05-25T18:30:00
2010,transparency_reso_12,source/FY10/transparency-resolutions/Transparency-Reso-12-2010-06-29.pdf,Res 0317-2010,https://legistar.council.nyc.gov/LegislationDetail.aspx?ID=45408&GUID=6A1FF6D6-84AE-4032-90B3-1EE3E3B8F470,2010-06-29,confirmed,,10004,City Council,"Approved, by Council",2010-06-29T18:30:00
2011,schedule_c,source/FY11/fy2011-C2011.pdf,Res 0371-2010,https://legistar.council.nyc.gov/LegislationDetail.aspx?ID=45476&GUID=433AA845-DB6B-4D65-AA6A-D70339A0A032,2010-07-29,candidate,anchor (earliest in sequence). Same matter as Transparency Reso 01.,,,,
2011,capital_a,source/FY11/fy2011-FY2011-Section-254-Changes.pdf,Res 0325-2010,https://legistar.council.nyc.gov/LegislationDetail.aspx?ID=45401&GUID=C07E859D-8525-44B4-88D1-7FB5108AA870,2010-06-29,confirmed,,10004,City Council,"Approved, by Council",2010-06-29T14:30:00
2011,capital_b,source/FY11/fy2011-fy11_changes_executive_capital_budget_adopted_by_nycc.pdf,Res 0326-2010,https://legistar.council.nyc.gov/LegislationDetail.aspx?ID=45402&GUID=2CFF38D3-C879-46FA-8B86-FBF8DD59A0B4,2010-06-29,confirmed,,10004,City Council,"Approved, by Council",2010-06-29T14:30:00
2011,transparency_reso_01,source/FY11/transparency-resolutions/Transparency-Reso-01-2010-07-29.pdf,Res 0371-2010,https://legistar.council.nyc.gov/LegislationDetail.aspx?ID=45476&GUID=433AA845-DB6B-4D65-AA6A-D70339A0A032,2010-07-29,confirmed,Same matter as FY2011 Schedule C anchor.,10029,City Council,"Approved, by Council",2010-07-29T18:30:00
2011,transparency_reso_02,source/FY11/transparency-resolutions/Transparency-Reso-02-2010-08-25.pdf,Res 0421-2010,https://legistar.council.nyc.gov/LegislationDetail.aspx?ID=45623&GUID=C4998827-2AFF-4A6E-B728-57FDCD04E617,2010-08-25,confirmed,,10045,City Council,"Approved, by Council",2010-08-25T18:30:00
2011,transparency_reso_03,source/FY11/transparency-resolutions/Transparency-Reso-03-2010-09-29.pdf,Res 0465-2010,https://legistar.council.nyc.gov/LegislationDetail.aspx?ID=45761&GUID=C2196587-97A2-4B45-B147-BD6F0EAD2FB6,2010-09-29,confirmed,,10114,City Council,"Approved, by Council",2010-09-29T18:30:00
2011,transparency_reso_04,source/FY11/transparency-resolutions/Transparency-Reso-04-2010-10-13.pdf,Res 0479-2010,https://legistar.council.nyc.gov/LegislationDetail.aspx?ID=45870&GUID=A42E28F2-A062-45AE-A396-F280175B8E96,2010-10-13,confirmed,,10178,City Council,"Approved, by Council",2010-10-13T18:30:00
2011,transparency_reso_05,source/FY11/transparency-resolutions/Transparency-Reso-05-2010-11-17.pdf,Res 0546-2010,https://legistar.council.nyc.gov/LegislationDetail.aspx?ID=46092&GUID=34D23D82-A799-4E71-9F17-89F605520BA7,2010-11-17,confirmed,,10266,City Council,"Approved, by Council",2010-11-17T18:30:00
2011,transparency_reso_06,source/FY11/transparency-resolutions/Transparency-Reso-06-2010-12-20.pdf,Res 0607-2010,https://legistar.council.nyc.gov/LegislationDetail.aspx?ID=46254&GUID=51BBAB85-B93C-4E50-A01A-68360D375732,2010-12-20,confirmed,,10366,City Council,"Approved, by Council",2010-12-20T18:30:00
2011,transparency_reso_07,source/FY11/transparency-resolutions/Transparency-Reso-07-2011-02-16.pdf,Res 0673-2011,https://legistar.council.nyc.gov/LegislationDetail.aspx?ID=46447&GUID=41B7AFEE-D6FF-44BB-9020-7A6B53AE88CE,2011-02-16,confirmed,,10539,City Council,"Approved, by Council",2011-02-16T18:30:00
2011,transparency_reso_08,source/FY11/transparency-resolutions/Transparency-Reso-08-2011-04-06.pdf,Res 0764-2011,https://legistar.council.nyc.gov/LegislationDetail.aspx?ID=46850&GUID=935A8888-0789-4D5F-894B-FBA05C2F54DA,2011-04-06,confirmed,,10692,City Council,"Approved, by Council",2011-04-06T18:30:00
2011,transparency_reso_09,source/FY11/transparency-resolutions/Transparency-Reso-09-2011-05-11.pdf,Res 0818-2011,https://legistar.council.nyc.gov/LegislationDetail.aspx?ID=46959&GUID=99416922-FCAA-42B0-9024-4057E9A78539,2011-05-11,confirmed,,10791,City Council,"Approved, by Council",2011-05-11T18:30:00
2011,transparency_reso_10,source/FY11/transparency-resolutions/Transparency-Reso-10-2011-06-14.pdf,Res 0865-2011,https://legistar.council.nyc.gov/LegislationDetail.aspx?ID=47369&GUID=F3BD4020-E565-4D35-B050-FA458BC844F0,2011-06-14,confirmed,,10870,City Council,"Approved, by Council",2011-06-14T18:30:00
2012,schedule_c,source/FY12/fy2012-skedcfinal.pdf,Res 0960-2011,https://legistar.council.nyc.gov/LegislationDetail.aspx?ID=47521&GUID=25BD0BF4-74B7-4C6C-9DF9-375A70C3EE66,2011-07-28,candidate,anchor (earliest in sequence). Same matter as Transparency Reso 01.,,,,
2012,capital_a,source/FY12/fy2012-changestobudget.pdf,Res 0920-2011,https://legistar.council.nyc.gov/LegislationDetail.aspx?ID=47442&GUID=445411D5-DB76-41FD-854F-17BF75CF8AB8,2011-06-29,confirmed,"CORRECTED 2026-07-07: local file is Resolution A (verified by page render), not Resolution B as an earlier pass guessed from the filename.",10891,City Council,"Approved, by Council",2011-06-29T09:30:00
2012,capital_b,,Res 0921-2011,https://legistar.council.nyc.gov/LegislationDetail.aspx?ID=47443&GUID=DFEDEE86-C4D9-463A-93E5-78D1FAC012A0,2011-06-29,not_located,No local file; Legistar has hearing transcripts only (no schedule/report). Low value.,,,,
2012,transparency_reso_01,source/FY12/transparency-resolutions/Transparency-Reso-01-2011-08-17.pdf,Res 0987-2011,https://legistar.council.nyc.gov/LegislationDetail.aspx?ID=47640&GUID=35984B75-06AD-4322-AF2C-97D4EAC9E6F4,2011-08-17,confirmed,Same matter as FY2012 Schedule C anchor.,10919,City Council,"Approved, by Council",2011-08-17T17:30:00
2012,transparency_reso_02,source/FY12/transparency-resolutions/Transparency-Reso-02-2011-10-05.pdf,Res 1068-2011,https://legistar.council.nyc.gov/LegislationDetail.aspx?ID=47871&GUID=47E67136-2BF9-432F-A4A5-CDAAFA1E53B3,2011-10-05,confirmed,Scanned PDF (no text layer); date via QuickLook render.,11058,City Council,"Approved, by Council",2011-10-05T18:30:00
2012,transparency_reso_03,source/FY12/transparency-resolutions/Transparency-Reso-03-2011-10-17.pdf,Res 1084-2011,https://legistar.council.nyc.gov/LegislationDetail.aspx?ID=47943&GUID=CFC29032-164D-4733-8520-015F9F052522,2011-10-17,confirmed,,11071,City Council,"Approved, by Council",2011-10-17T18:30:00
2012,transparency_reso_04,source/FY12/transparency-resolutions/Transparency-Reso-04-2011-11-03.pdf,Res 1101-2011,https://legistar.council.nyc.gov/LegislationDetail.aspx?ID=48009&GUID=548C5E42-750C-4382-BC81-39783A9E14B5,2011-11-03,confirmed,,11150,City Council,"Approved, by Council",2011-11-03T18:30:00
2012,transparency_reso_05,source/FY12/transparency-resolutions/Transparency-Reso-05-2011-12-19.pdf,Res 1173-2011,https://legistar.council.nyc.gov/LegislationDetail.aspx?ID=48255&GUID=6567B0B9-B317-46DA-9952-2A9AD7B17A7B,2011-12-19,confirmed,,11257,City Council,"Approved, by Council",2011-12-19T16:30:00
2012,transparency_reso_06,source/FY12/transparency-resolutions/Transparency-Reso-06-2012-01-04.pdf,Res 1192-2012,https://legistar.council.nyc.gov/LegislationDetail.aspx?ID=48284&GUID=45059526-6E05-42B0-83B2-FE0911A3B9CC,2012-01-04,confirmed,,11311,City Council,"Approved, by Council",2012-01-04T17:00:00
2012,transparency_reso_07,source/FY12/transparency-resolutions/Transparency-Reso-07-2012-02-01.pdf,Res 1209-2012,https://legistar.council.nyc.gov/LegislationDetail.aspx?ID=48373&GUID=2F99F29B-3F50-4866-B713-61FE82243426,2012-02-01,confirmed,"Two local files (Transparency-Reso-07-2012-02-01.pdf and -dup.pdf, orig fy2012-314tran/315tran) are near-identical and map to this same matter; flagged for a dedup pass.",11377,City Council,"Approved, by Council",2012-02-01T18:30:00
2013,schedule_c,source/FY13/fy2013-FY-2013-Schedule-C-Merge-Final1.pdf,Res 1438-2012,https://legistar.council.nyc.gov/LegislationDetail.aspx?ID=1155805&GUID=3A016895-B854-4C5D-8E93-B52FA700C8FF,2012-07-25,candidate,anchor (earliest in sequence). CORRECTED 2026-07-07: superseded the earlier Res 1623-2012 guess; Res 1438-2012 is the true earliest FY2013 designation reso (= Transparency Reso 01). Res 1623-2012 is actually the 7th in sequence.,,,,
2013,capital_a,,Res 1405-2012,https://legistar.council.nyc.gov/LegislationDetail.aspx?ID=49121&GUID=77AFCA0A-17EA-4737-9BD7-727E9161527D,2012-06-28,not_located,Matter confirmed; no local file.,,,,
2013,capital_b,source/FY13/fy2013-adopt12_capresowork.pdf,Res 1406-2012,https://legistar.council.nyc.gov/LegislationDetail.aspx?ID=49122&GUID=52444795-B191-4718-9031-12FAFCEC397D,2012-06-28,confirmed,,11746,City Council,"Approved, by Council",2012-06-28T20:00:00
2013,transparency_reso_01,source/FY13/transparency-resolutions/Transparency-Reso-01-2012-07-25.pdf,Res 1438-2012,https://legistar.council.nyc.gov/LegislationDetail.aspx?ID=1155805&GUID=3A016895-B854-4C5D-8E93-B52FA700C8FF,2012-07-25,confirmed,Completed Package (PDF). Same matter as FY2013 Schedule C anchor.,11762,City Council,"Approved, by Council",2012-07-25T18:30:00
2013,transparency_reso_02,source/FY13/transparency-resolutions/Transparency-Reso-02-2012-08-22.pdf,Res 1473-2012,https://legistar.council.nyc.gov/LegislationDetail.aspx?ID=1188633&GUID=81F42067-DA73-4E7D-8E7C-502443842BF9,2012-08-22,confirmed,,11783,City Council,"Approved, by Council",2012-08-22T15:00:00
2013,transparency_reso_03,source/FY13/transparency-resolutions/Transparency-Reso-03-2012-09-24.pdf,Res 1518-2012,https://legistar.council.nyc.gov/LegislationDetail.aspx?ID=1200848&GUID=A7714D16-A897-44C0-8281-71AEE699BFCF,2012-09-24,confirmed,,11857,City Council,"Approved, by Council",2012-09-24T18:30:00
2013,transparency_reso_04,source/FY13/transparency-resolutions/Transparency-Reso-04-2012-10-11.pdf,Res 1539-2012,https://legistar.council.nyc.gov/LegislationDetail.aspx?ID=1213231&GUID=F8283B8A-5036-4738-8A8F-0106B84E34A7,2012-10-11,confirmed,,11932,City Council,"Approved, by Council",2012-10-11T18:30:00
2013,transparency_reso_05,source/FY13/transparency-resolutions/Transparency-Reso-05-2012-11-13.pdf,Res 1573-2012,https://legistar.council.nyc.gov/LegislationDetail.aspx?ID=1219079&GUID=E1FE360E-07BE-4D15-906D-60AC2A5452B0,2012-11-13,confirmed,,11963,City Council,"Approved, by Council",2012-11-13T18:30:00
2013,transparency_reso_06,source/FY13/transparency-resolutions/Transparency-Reso-06-2012-12-10.pdf,Res 1603-2012,https://legistar.council.nyc.gov/LegislationDetail.aspx?ID=1244746&GUID=03254822-26AB-4DA4-BD10-002BAFA257A0,2012-12-10,confirmed,,12086,City Council,"Approved, by Council",2012-12-10T18:30:00
2013,transparency_reso_07,source/FY13/transparency-resolutions/Transparency-Reso-07-2012-12-18.doc,Res 1623-2012,https://legistar.council.nyc.gov/LegislationDetail.aspx?ID=1264203&GUID=38466207-73A2-45CF-972F-7664BC4D9B1C,2012-12-18,confirmed,Committee Report (.doc; no Completed Package for this matter).,12097,City Council,"Approved, by Council",2012-12-18T18:30:00
2013,transparency_reso_08,source/FY13/transparency-resolutions/Transparency-Reso-08-2013-01-23.pdf,Res 1641-2013,https://legistar.council.nyc.gov/LegislationDetail.aspx?ID=1273301&GUID=0DBF3ABE-2333-45C4-91F5-7503B1A46D06,2013-01-23,confirmed,,12180,City Council,"Approved, by Council",2013-01-23T18:30:00
2013,transparency_reso_09,source/FY13/transparency-resolutions/Transparency-Reso-09-2013-02-27.pdf,Res 1664-2013,https://legistar.council.nyc.gov/LegislationDetail.aspx?ID=1288621&GUID=1A0DFE07-196B-4C91-A91D-9CE2DEA07471,2013-02-27,confirmed,Committee Report (PDF; no Completed Package for this matter).,12301,City Council,"Approved, by Council",2013-02-27T18:30:00
2013,transparency_reso_10,source/FY13/transparency-resolutions/Transparency-Reso-10-2013-03-13.doc,Res 1674-2013,https://legistar.council.nyc.gov/LegislationDetail.aspx?ID=1318598&GUID=45B7C850-C2FB-42DA-A864-19EDF1E0B9D6,2013-03-13,confirmed,Committee Report (.doc).,12338,City Council,"Approved, by Council",2013-03-13T18:30:00
2013,transparency_reso_11,source/FY13/transparency-resolutions/Transparency-Reso-11-2013-05-08.doc,Res 1750-2013,https://legistar.council.nyc.gov/LegislationDetail.aspx?ID=1424510&GUID=898F2658-7A6B-4C3E-A38B-8C46A458B6CC,2013-05-08,confirmed,Committee Report (.doc).,12511,City Council,"Approved, by Council",2013-05-08T18:30:00
2013,transparency_reso_12,source/FY13/transparency-resolutions/Transparency-Reso-12-2013-06-26.pdf,Res 1848-2013,https://legistar.council.nyc.gov/LegislationDetail.aspx?ID=1449622&GUID=1CDBA0C4-BB25-4308-B24E-BACF0E921C99,2013-06-26,confirmed,,12642,City Council,"Approved, by Council",2013-06-26T22:00:00
2014,schedule_c,source/FY14/fy2014-skedc.pdf,Res 1903-2013,https://legistar.council.nyc.gov/LegislationDetail.aspx?ID=50856&GUID=2A7AC5D0-E365-4E9E-A854-874A04106EB7,2013-08-22,candidate,anchor (earliest identified this pass; lower confidence).,,,,
2014,capital_a,,Res 1852-2013,https://legistar.council.nyc.gov/LegislationDetail.aspx?ID=50713&GUID=BCCDF0FD-9840-4CB9-8147-D674CF085CCE,2013-06-26,not_located,Matter confirmed; no local file. Legistar has hearing transcripts only (genuine schedule gap for FY2014).,,,,
2014,capital_b,,Res 1853-2013,https://legistar.council.nyc.gov/LegislationDetail.aspx?ID=50714&GUID=E4C8AC32-B301-421B-9533-58897EB23CBA,2013-06-26,not_located,Matter confirmed; no local file. Legistar has hearing transcripts only.,,,,
2014,transparency_reso_01,source/FY14/transparency-resolutions/Transparency-Reso-01-2014-04-29.pdf,Res 0190-2014,https://legistar.council.nyc.gov/LegislationDetail.aspx?ID=52526&GUID=E9DCC52A-6503-4B59-BDB0-5699B786F3E5,2014-04-29,confirmed,Renamed from fy2014-reso11.pdf (11th of a longer sequence; only last 3 downloaded).,13259,City Council,"Approved, by Council",2014-04-29T18:30:00
2014,transparency_reso_02,source/FY14/transparency-resolutions/Transparency-Reso-02-2014-05-29.pdf,Res 0256-2014,https://legistar.council.nyc.gov/LegislationDetail.aspx?ID=52771&GUID=7010D543-EE25-4191-A855-88D983BA2FD3,2014-05-29,confirmed,Renamed from fy2014-reso12.pdf.,13355,City Council,"Approved, by Council",2014-05-29T18:30:00
2014,transparency_reso_03,source/FY14/transparency-resolutions/Transparency-Reso-03-2014-06-11.pdf,Res 0277-2014,https://legistar.council.nyc.gov/LegislationDetail.aspx?ID=52852&GUID=CBDC7D2B-8D42-48D7-B322-2E14E6A9F750,2014-06-11,confirmed,Renamed from fy2014-061114reso.pdf.,13400,City Council,"Approved, by Council",2014-06-11T18:30:00
2015,schedule_c,source/FY15/fy2015-FY15-Schedule-C-Template-Final.pdf,Res 0300-2014,,2014-06-25,confirmed,Designation reso filed same day as budget/Capital adoption; attachment-level link to this PDF not independently verified.,13415,City Council,"Approved, by Council",2014-06-25T20:30:00
2015,terms_conditions,source/FY15/fy2015-tc.pdf,Res 0310-2014,,2014-06-25,candidate,Not confirmed as a standalone matter; likely adopted as an exhibit within the main budget-adoption resolution (M 0051-2014).,,,,
2015,capital_a,source/FY15/fy2015-adopt14_capresowork.pdf,Res 0312-2014,,2014-06-25,confirmed,Paired B = Res 0313-2014 (adjacency + title pattern).,13415,City Council,"Approved, by Council",2014-06-25T20:00:00
2015,transparency_reso_01,source/FY15/transparency-resolutions/Transparency-Reso-01-2014-07-24.pdf,Res 0352-2014,,2014-07-24,confirmed,URL not captured in source doc; resolve via get_bill.,13429,City Council,"Approved, by Council",2014-07-24T18:30:00
2015,transparency_reso_02,source/FY15/transparency-resolutions/Transparency-Reso-02-2014-08-21.pdf,Res 0382-2014,,2014-08-21,confirmed,confirmed (positional). URL not captured in source doc; resolve via get_bill.,13442,City Council,"Approved, by Council",2014-08-21T18:30:00
2015,transparency_reso_03,source/FY15/transparency-resolutions/Transparency-Reso-03-2014-09-23.pdf,Res 0416-2014,,2014-09-23,confirmed,confirmed (positional). URL not captured in source doc; resolve via get_bill.,13530,City Council,"Approved, by Council",2014-09-23T18:30:00
2015,transparency_reso_04,source/FY15/transparency-resolutions/Transparency-Reso-04-2014-10-07.pdf,Res 0428-2014,,2014-10-07,confirmed,confirmed (positional). URL not captured in source doc; resolve via get_bill.,13563,City Council,"Approved, by Council",2014-10-07T18:30:00
2015,transparency_reso_05,source/FY15/transparency-resolutions/Transparency-Reso-05-2014-10-22.pdf,Res 0450-2014,,2014-10-22,confirmed,confirmed (positional). URL not captured in source doc; resolve via get_bill.,13592,City Council,"Approved, by Council",2014-10-22T18:30:00
2015,transparency_reso_06,source/FY15/transparency-resolutions/Transparency-Reso-06-2014-11-25.pdf,Res 0476-2014,,2014-11-25,confirmed,confirmed (positional). URL not captured in source doc; resolve via get_bill.,13671,City Council,"Approved, by Council",2014-11-25T18:30:00
2015,transparency_reso_07,source/FY15/transparency-resolutions/Transparency-Reso-07-2014-12-17.pdf,Res 0519-2014,,2014-12-17,confirmed,confirmed (positional). URL not captured in source doc; resolve via get_bill.,13724,City Council,"Approved, by Council",2014-12-17T18:30:00
2015,transparency_reso_08,source/FY15/transparency-resolutions/Transparency-Reso-08-2015-01-07.pdf,Res 0537-2015,,2015-01-07,confirmed,confirmed (positional). URL not captured in source doc; resolve via get_bill.,13767,City Council,"Approved, by Council",2015-01-07T12:00:00
2015,transparency_reso_09,source/FY15/transparency-resolutions/Transparency-Reso-09-2015-01-21.pdf,Res 0545-2015,,2015-01-21,confirmed,confirmed (positional). URL not captured in source doc; resolve via get_bill.,13795,City Council,"Approved, by Council",2015-01-22T18:30:00
2015,transparency_reso_10,source/FY15/transparency-resolutions/Transparency-Reso-10-2015-02-12.pdf,Res 0570-2015,,2015-02-12,confirmed,confirmed (positional). URL not captured in source doc; resolve via get_bill.,13842,City Council,"Approved, by Council",2015-02-12T18:30:00
2015,transparency_reso_11,source/FY15/transparency-resolutions/Transparency-Reso-11-2015-02-26.pdf,Res 0590-2015,,2015-02-26,confirmed,confirmed (positional). URL not captured in source doc; resolve via get_bill.,13912,City Council,"Approved, by Council",2015-02-26T18:30:00
2015,transparency_reso_12,source/FY15/transparency-resolutions/Transparency-Reso-12-2015-03-31.pdf,Res 0636-2015,,2015-03-31,confirmed,confirmed (positional). URL not captured in source doc; resolve via get_bill.,13985,City Council,"Approved, by Council",2015-03-31T18:30:00
2016,schedule_c,source/FY16/fy2016-skedcf.pdf,Res 0763-2015,,2015-06-26,confirmed,Designation reso filed same day as Capital A/budget adoption.,14178,City Council,"Approved, by Council",2015-06-26T18:00:00
2016,terms_conditions,source/FY16/fy2016-tandc.pdf,Res 0770-2015,,2015-06-26,candidate,Not confirmed as a standalone matter; likely embedded in the main budget-adoption resolution (M 0279-2015).,,,,
2016,capital_a,source/FY16/fy2016-adopt15_capreso.pdf,Res 0772-2015,,2015-06-26,confirmed,Paired B = Res 0773-2015 (explicit MatterEXText4 cross-ref). Second local file fy2016-adopt15_capresowork.pdf presumed a working/committee-report companion to the same matter.,14178,City Council,"Approved, by Council",2015-06-26T13:00:00
2016,transparency_reso_01,source/FY16/transparency-resolutions/Transparency-Reso-01-2015-07-23.pdf,Res 0793-2015,,2015-07-23,confirmed,URL not captured in source doc; resolve via get_bill.,14207,City Council,"Approved, by Council",2015-07-23T18:30:00
2016,transparency_reso_02,source/FY16/transparency-resolutions/Transparency-Reso-02-2015-08-13.pdf,Res 0817-2015,,2015-08-13,confirmed,URL not captured in source doc; resolve via get_bill.,14216,City Council,"Approved, by Council",2015-08-13T14:30:00
2016,transparency_reso_03,source/FY16/transparency-resolutions/Transparency-Reso-03-2015-09-17.pdf,Res 0846-2015,,2015-09-17,confirmed,URL not captured in source doc; resolve via get_bill.,14306,City Council,"Approved, by Council",2015-09-17T18:30:00
2016,transparency_reso_04,source/FY16/transparency-resolutions/Transparency-Reso-04-2015-09-30.pdf,Res 0867-2015,,2015-09-30,confirmed,URL not captured in source doc; resolve via get_bill.,14352,City Council,"Approved, by Council",2015-09-30T18:30:00
2016,transparency_reso_05,source/FY16/transparency-resolutions/Transparency-Reso-05-2015-10-15.pdf,Res 0875-2015,,2015-10-15,confirmed,URL not captured in source doc; resolve via get_bill.,14372,City Council,"Approved, by Council",2015-10-15T18:30:00
2016,transparency_reso_06,source/FY16/transparency-resolutions/Transparency-Reso-06-2015-10-29.pdf,Res 0888-2015,,2015-10-29,confirmed,URL not captured in source doc; resolve via get_bill.,14405,City Council,"Approved, by Council",2015-10-29T18:30:00
2016,transparency_reso_07,source/FY16/transparency-resolutions/Transparency-Reso-07-2015-11-24.pdf,Res 0912-2015,,2015-11-24,confirmed,URL not captured in source doc; resolve via get_bill.,14455,City Council,"Approved, by Council",2015-11-24T18:30:00
2016,transparency_reso_08,source/FY16/transparency-resolutions/Transparency-Reso-08-2015-12-16.pdf,Res 0934-2015,,2015-12-16,confirmed,URL not captured in source doc; resolve via get_bill.,14499,City Council,"Approved, by Council",2015-12-16T18:30:00
2016,transparency_reso_09,source/FY16/transparency-resolutions/Transparency-Reso-09-2016-01-19.pdf,Res 0957-2016,,2016-01-19,confirmed,URL not captured in source doc; resolve via get_bill.,14551,City Council,"Approved, by Council",2016-01-19T18:30:00
2016,transparency_reso_10,source/FY16/transparency-resolutions/Transparency-Reso-10-2016-02-24.pdf,Res 0995-2016,,2016-02-24,confirmed,URL not captured in source doc; resolve via get_bill.,14662,City Council,"Approved, by Council",2016-02-24T18:30:00
2016,transparency_reso_11,source/FY16/transparency-resolutions/Transparency-Reso-11-2016-03-22.pdf,Res 1011-2016,,2016-03-22,confirmed,URL not captured in source doc; resolve via get_bill.,14709,City Council,"Approved, by Council",2016-03-22T18:30:00
2016,transparency_reso_12,source/FY16/transparency-resolutions/Transparency-Reso-12-2016-04-20.pdf,Res 1040-2016,,2016-04-20,confirmed,URL not captured in source doc; resolve via get_bill.,14786,City Council,"Approved, by Council",2016-04-20T18:30:00
2016,transparency_reso_13,source/FY16/transparency-resolutions/Transparency-Reso-13-2016-06-14.pdf,Res 1117-2016,,2016-06-14,confirmed,URL not captured in source doc; resolve via get_bill.,14909,City Council,"Approved, by Council",2016-06-14T18:30:00
2017,schedule_c,source/FY17/FY17-Schedule-C.pdf,Res 1117-2016,,2016-06-14,confirmed,Same Legistar matter as FY16 Transparency Reso 13 (structural overlap; designation series does not reset at FY boundary).,14909,City Council,"Approved, by Council",2016-06-14T18:30:00
2017,terms_conditions,source/FY17/2016-DOHMH-Terms-and-Conditions-Oral-Health.pdf,,,,not_located,Agency-specific T&C addendum (DOHMH); no separate Legistar matter found.,,,,
2017,terms_conditions,source/FY17/FY17-Terms-and-Conditions.pdf,Res 1120-2016,,2016-06-14,candidate,Not confirmed as a standalone matter; likely embedded in the main budget-adoption resolution (M 397-2016).,,,,
2017,capital_a,source/FY17/FY17-Sec254-Capital-ResoA-M398-Res1122-Res1123.pdf,Res 1122-2016,,2016-06-14,confirmed,"Found/downloaded 2026-07-07 via Legistar Attachments API. A/B pair: A=Res 1122-2016, B=Res 1123-2016.",14909,City Council,"Approved, by Council",2016-06-14T13:30:00
2017,transparency_reso_01,source/FY17/transparency-resolutions/Transparency-Reso-01-2016-07-14.pdf,Res 1161-2016,,2016-07-14,confirmed,URL not captured in source doc; resolve via get_bill.,14944,City Council,"Approved, by Council",2016-07-14T18:30:00
2017,transparency_reso_02,source/FY17/transparency-resolutions/Transparency-Reso-02-2016-08-16.pdf,Res 1179-2016,,2016-08-16,confirmed,URL not captured in source doc; resolve via get_bill.,14992,City Council,"Approved, by Council",2016-08-16T18:30:00
2017,transparency_reso_03,source/FY17/transparency-resolutions/Transparency-Reso-03-2016-09-14.pdf,Res 1194-2016,,2016-09-14,confirmed,URL not captured in source doc; resolve via get_bill.,15051,City Council,"Approved, by Council",2016-09-14T18:30:00
2017,transparency_reso_04,source/FY17/transparency-resolutions/Transparency-Reso-04-2016-09-28.pdf,Res 1229-2016,,2016-09-28,confirmed,URL not captured in source doc; resolve via get_bill.,15084,City Council,"Approved, by Council",2016-09-28T18:30:00
2017,transparency_reso_05,source/FY17/transparency-resolutions/Transparency-Reso-05-2016-10-27.pdf,Res 1260-2016,,2016-10-27,confirmed,URL not captured in source doc; resolve via get_bill.,15149,City Council,"Approved, by Council",2016-10-27T18:30:00
2017,transparency_reso_06,source/FY17/transparency-resolutions/Transparency-Reso-06-2016-11-16.pdf,Res 1275-2016,,2016-11-16,confirmed,URL not captured in source doc; resolve via get_bill.,15182,City Council,"Approved, by Council",2016-11-16T18:30:00
2017,transparency_reso_07,source/FY17/transparency-resolutions/Transparency-Reso-07-2016-12-15.pdf,Res 1323-2016,,2016-12-15,confirmed,URL not captured in source doc; resolve via get_bill.,15246,City Council,"Approved, by Council",2016-12-15T13:30:00
2017,transparency_reso_08,source/FY17/transparency-resolutions/Transparency-Reso-08-2017-01-18.pdf,Res 1352-2017,,2017-01-18,confirmed,URL not captured in source doc; resolve via get_bill.,15292,City Council,"Approved, by Council",2017-01-18T13:30:00
2017,transparency_reso_09,source/FY17/transparency-resolutions/Transparency-Reso-09-2017-02-01.pdf,Res 1356-2017,,2017-02-01,confirmed,URL not captured in source doc; resolve via get_bill.,15327,City Council,"Approved, by Council",2017-02-01T18:30:00
2017,transparency_reso_10,source/FY17/transparency-resolutions/Transparency-Reso-10-2017-03-01.pdf,Res 1390-2017,,2017-03-01,confirmed,URL not captured in source doc; resolve via get_bill.,15399,City Council,"Approved, by Council",2017-03-01T18:30:00
2017,transparency_reso_11,source/FY17/transparency-resolutions/Transparency-Reso-11-2017-03-16.pdf,Res 1413-2017,,2017-03-16,confirmed,URL not captured in source doc; resolve via get_bill.,15420,City Council,"Approved, by Council",2017-03-16T18:30:00
2017,transparency_reso_12,source/FY17/transparency-resolutions/Transparency-Reso-12-2017-04-05.pdf,Res 1431-2017,,2017-04-05,confirmed,URL not captured in source doc; resolve via get_bill.,15486,City Council,"Approved, by Council",2017-04-05T18:30:00
2017,transparency_reso_13,source/FY17/transparency-resolutions/Transparency-Reso-13-2017-06-06.pdf,Res 1522-2017,,2017-06-06,confirmed,URL not captured in source doc; resolve via get_bill.,15627,City Council,"Approved, by Council",2017-06-06T18:00:00
2018,schedule_c,source/FY18/FY-2018-Schedule-C-Cover-Template-FINAL-MERGE.pdf,Res 1522-2017,,2017-06-06,confirmed,CORRECTED 2026-07-07: same matter as FY17 Transparency Reso 13; supersedes the earlier Res 1563-2017 guess (which is actually FY18 Transparency Reso 01).,15627,City Council,"Approved, by Council",2017-06-06T18:00:00
2018,terms_conditions,source/FY18/FY18-Terms-and-Conditions.pdf,Res 1532-2017,,2017-06-06,candidate,Not confirmed as a standalone matter; likely embedded in the main budget-adoption resolution (M 0498-2017). Corroborated by Res 1659-2017 rescindment language.,,,,
2018,capital_a,source/FY18/FY18-Sec254-Capital-ResoA-M499-Res1534-Res1535.pdf,Res 1534-2017,,2017-06-06,confirmed,"Found/downloaded 2026-07-07 via Legistar Attachments API. A/B pair: A=Res 1534-2017, B=Res 1535-2017.",15627,City Council,"Approved, by Council",2017-06-06T13:00:00
2018,transparency_reso_01,source/FY18/transparency-resolutions/Transparency-Reso-01-2017-06-21.pdf,Res 1563-2017,,2017-06-21,confirmed,URL not captured in source doc; resolve via get_bill.,15659,City Council,"Approved, by Council",2017-06-21T18:30:00
2018,transparency_reso_02,source/FY18/transparency-resolutions/Transparency-Reso-02-2017-07-20.pdf,Res 1589-2017,,2017-07-20,confirmed,URL not captured in source doc; resolve via get_bill.,15682,City Council,"Approved, by Council",2017-07-20T18:30:00
2018,transparency_reso_03,source/FY18/transparency-resolutions/Transparency-Reso-03-2017-08-24.pdf,Res 1621-2017,,2017-08-24,confirmed,confirmed (positional). URL not captured in source doc; resolve via get_bill.,15765,City Council,"Approved, by Council",2017-08-24T18:30:00
2018,transparency_reso_04,source/FY18/transparency-resolutions/Transparency-Reso-04-2017-09-27.pdf,Res 1658-2017,,2017-09-27,confirmed,URL not captured in source doc; resolve via get_bill.,15818,City Council,"Approved, by Council",2017-09-27T18:30:00
2018,transparency_reso_05,source/FY18/transparency-resolutions/Transparency-Reso-05-2017-10-31.pdf,Res 1699-2017,,2017-10-31,confirmed,confirmed (positional). URL not captured in source doc; resolve via get_bill.,15882,City Council,"Approved, by Council",2017-10-31T18:30:00
2018,transparency_reso_06,source/FY18/transparency-resolutions/Transparency-Reso-06-2017-11-30.pdf,Res 1730-2017,,2017-11-30,confirmed,confirmed (positional). URL not captured in source doc; resolve via get_bill.,15955,City Council,"Approved, by Council",2017-11-30T18:30:00
2018,transparency_reso_07,source/FY18/transparency-resolutions/Transparency-Reso-07-2017-12-19.pdf,Res 1780-2017,,2017-12-19,confirmed,URL not captured in source doc; resolve via get_bill.,16000,City Council,"Approved, by Council",2017-12-19T13:30:00
2018,transparency_reso_08,source/FY18/transparency-resolutions/Transparency-Reso-08-2018-02-15.pdf,Res 0189-2018,,2018-02-15,confirmed,URL not captured in source doc; resolve via get_bill.,16080,City Council,"Approved, by Council",2018-02-15T18:30:00
2018,transparency_reso_09,source/FY18/transparency-resolutions/Transparency-Reso-09-2018-03-22.pdf,Res 0239-2018,,2018-03-22,confirmed,confirmed (positional). URL not captured in source doc; resolve via get_bill.,16207,City Council,"Approved, by Council",2018-03-22T18:30:00
2018,transparency_reso_10,source/FY18/transparency-resolutions/Transparency-Reso-10-2018-04-11.pdf,Res 0271-2018,,2018-04-11,confirmed,confirmed (positional). URL not captured in source doc; resolve via get_bill.,16249,City Council,"Approved, by Council",2018-04-11T18:30:00
2018,transparency_reso_11,source/FY18/transparency-resolutions/Transparency-Reso-11-2018-05-09.pdf,Res 0333-2018,,2018-05-09,confirmed,confirmed (positional). URL not captured in source doc; resolve via get_bill.,16315,City Council,"Approved, by Council",2018-05-09T18:30:00
2018,transparency_reso_12,source/FY18/transparency-resolutions/Transparency-Reso-12-2018-06-14.pdf,Res 0399-2018,,2018-06-14,confirmed,confirmed (positional). URL not captured in source doc; resolve via get_bill.,16402,City Council,"Approved, by Council",2018-06-14T16:00:00
2019,schedule_c,source/FY19/Fiscal-2019-Schedule-C-Final-Report.pdf,Res 0399-2018,,2018-06-14,confirmed,Same matter as FY18 Transparency Reso 12.,16402,City Council,"Approved, by Council",2018-06-14T16:00:00
2019,capital_a,source/FY19/Capital-Final-Upload.pdf,Res 0405-2018,,2018-06-14,confirmed,Paired B = Res 0406-2018 (explicit MatterEXText4 cross-ref).,16402,City Council,"Approved, by Council",2018-06-14T14:00:00
2019,transparency_reso_01,source/FY19/transparency-resolutions/Transparency-Reso-01-2018-07-18.pdf,Res 0457-2018,,2018-07-18,confirmed,"URL not captured in source doc; resolve via get_bill. Local PDF text says ""dated July 17, 2018"" (1-day discrepancy vs Legistar floor-adoption date).",16474,City Council,"Approved, by Council",2018-07-18T18:30:00
2019,transparency_reso_02,source/FY19/transparency-resolutions/Transparency-Reso-02-2018-08-08.pdf,Res 0472-2018,,2018-08-08,confirmed,URL not captured in source doc; resolve via get_bill.,16496,City Council,"Approved, by Council",2018-08-08T18:30:00
2019,transparency_reso_03,source/FY19/transparency-resolutions/Transparency-Reso-03-2018-09-26.pdf,Res 0537-2018,,2018-09-26,confirmed,confirmed (positional). URL not captured in source doc; resolve via get_bill.,16604,City Council,"Approved, by Council",2018-09-26T18:30:00
2019,transparency_reso_04,source/FY19/transparency-resolutions/Transparency-Reso-04-2018-10-31.pdf,Res 0579-2018,,2018-10-31,confirmed,confirmed (positional). URL not captured in source doc; resolve via get_bill.,16688,City Council,"Approved, by Council",2018-10-31T18:30:00
2019,transparency_reso_05,source/FY19/transparency-resolutions/Transparency-Reso-05-2018-12-11.pdf,Res 0652-2018,,2018-12-11,confirmed,confirmed (positional). URL not captured in source doc; resolve via get_bill.,16793,City Council,"Approved, by Council",2018-12-11T18:30:00
2019,transparency_reso_06,source/FY19/transparency-resolutions/Transparency-Reso-06-2018-12-20.pdf,Res 0674-2018,,2018-12-20,confirmed,URL not captured in source doc; resolve via get_bill.,16815,City Council,"Approved, by Council",2018-12-20T18:30:00
2019,transparency_reso_07,source/FY19/transparency-resolutions/Transparency-Reso-07-2019-01-24.pdf,Res 0722-2019,,2019-01-24,confirmed,confirmed (positional). URL not captured in source doc; resolve via get_bill.,16907,City Council,"Approved, by Council",2019-01-24T18:30:00
2019,transparency_reso_08,source/FY19/transparency-resolutions/Transparency-Reso-08-2019-02-28.pdf,Res 0763-2019,,2019-02-28,confirmed,confirmed (positional). URL not captured in source doc; resolve via get_bill.,17072,City Council,"Approved, by Council",2019-02-28T18:30:00
2019,transparency_reso_09,source/FY19/transparency-resolutions/Transparency-Reso-09-2019-03-28.pdf,Res 0805-2019,,2019-03-28,confirmed,confirmed (positional). URL not captured in source doc; resolve via get_bill.,17127,City Council,"Approved, by Council",2019-03-28T18:30:00
2019,transparency_reso_10,source/FY19/transparency-resolutions/Transparency-Reso-10-2019-04-18.pdf,Res 0846-2019,,2019-04-18,confirmed,confirmed (positional). URL not captured in source doc; resolve via get_bill.,17163,City Council,"Approved, by Council",2019-04-18T18:30:00
2019,transparency_reso_11,source/FY19/transparency-resolutions/Transparency-Reso-11-2019-06-19.pdf,Res 0964-2019,,2019-06-19,confirmed,URL not captured in source doc; resolve via get_bill.,17318,City Council,"Approved, by Council",2019-06-19T18:00:00
2020,schedule_c,source/FY20/Fiscal-2020-Schedule-C-Final-Merge.pdf,Res 0964-2019,,2019-06-19,confirmed,Same matter as FY19 Transparency Reso 11.,17318,City Council,"Approved, by Council",2019-06-19T18:00:00
2020,capital_a,source/FY20/Supporting-Detail-for-the-FY-2020-Changes-to-the-Executive-Capital-Budget-Adopted-by-the-City-Council-Pursuant-to-Section-254-2.pdf,Res 0970-2019,,2019-06-19,confirmed,Paired B = Res 0971-2019 (explicit MatterEXText4 cross-ref).,17318,City Council,"Approved, by Council",2019-06-19T15:00:00
2020,transparency_reso_01,source/FY20/transparency-resolutions/Transparency-Reso-01-2019-07-23.pdf,Res 0998-2019,,2019-07-23,confirmed,URL not captured in source doc; resolve via get_bill.,17384,City Council,"Approved, by Council",2019-07-23T18:30:00
2020,transparency_reso_02,source/FY20/transparency-resolutions/Transparency-Reso-02-2019-08-14.pdf,Res 1022-2019,,2019-08-14,confirmed,confirmed (positional). URL not captured in source doc; resolve via get_bill.,17426,City Council,"Approved, by Council",2019-08-14T13:30:00
2020,transparency_reso_03,source/FY20/transparency-resolutions/Transparency-Reso-03-2019-09-25.pdf,Res 1059-2019,,2019-09-25,confirmed,confirmed (positional). URL not captured in source doc; resolve via get_bill.,17533,City Council,"Approved, by Council",2019-09-25T18:30:00
2020,transparency_reso_04,source/FY20/transparency-resolutions/Transparency-Reso-04-2019-11-14.pdf,Res 1155-2019,,2019-11-14,confirmed,confirmed (positional). URL not captured in source doc; resolve via get_bill.,17640,City Council,"Approved, by Council",2019-11-14T18:30:00
2020,transparency_reso_05,source/FY20/transparency-resolutions/Transparency-Reso-05-2019-12-19.pdf,Res 1198-2019,,2019-12-19,confirmed,confirmed (positional). URL not captured in source doc; resolve via get_bill.,17756,City Council,"Approved, by Council",2019-12-19T18:30:00
2020,transparency_reso_06,source/FY20/transparency-resolutions/Transparency-Reso-06-2020-01-23.pdf,Res 1228-2020,,2020-01-23,confirmed,URL not captured in source doc; resolve via get_bill.,17800,City Council,"Approved, by Council",2020-01-23T18:30:00
2020,transparency_reso_07,source/FY20/transparency-resolutions/Transparency-Reso-07-2020-02-27.pdf,Res 1258-2020,,2020-02-27,confirmed,URL not captured in source doc; resolve via get_bill.,17901,City Council,"Approved, by Council",2020-02-27T13:35:00
2020,transparency_reso_08,source/FY20/transparency-resolutions/Transparency-Reso-08-2020-06-30.pdf,Res 1352-2020,,2020-06-30,confirmed,URL not captured in source doc; resolve via get_bill. Fiscal 2020 closeout resolution adopted same day as FY2021 budget.,18033,City Council,"Approved, by Council",2020-06-30T14:00:00
2021,schedule_c,source/FY21/Fiscal-2021-Schedule-C-Cover-REPORT-Final.pdf,Res 1361-2020,https://legistar.council.nyc.gov/LegislationDetail.aspx?ID=65938&GUID=E329BBC3-0676-45BB-BF80-0CE3FE8A7DF7,2020-06-30,confirmed,"inferred exhibit (Contract Budget reso, M 230); attachment-level link not visually confirmed.",18032,City Council,"Approved, by Council",2020-06-30T20:00:00
2021,terms_conditions,source/FY21/Fiscal-2021-Terms-and-Conditions.pdf,Res 1361-2020,https://legistar.council.nyc.gov/LegislationDetail.aspx?ID=65938&GUID=E329BBC3-0676-45BB-BF80-0CE3FE8A7DF7,2020-06-30,confirmed,"inferred exhibit; same matter as FY2021 Schedule C (Contract Budget reso, M 230).",18032,City Council,"Approved, by Council",2020-06-30T20:00:00
2021,capital_a,source/FY21/FY21-Sec254-Capital-ResoA-M231-Res1362-Res1363.pdf,Res 1362-2020,https://legistar.council.nyc.gov/LegislationDetail.aspx?ID=65939&GUID=4557B556-938C-4803-A5B0-A24F9C921889,2020-06-30,confirmed,M 231.,18032,City Council,"Approved, by Council",2020-06-30T20:00:00
2021,transparency_reso_01,source/FY21/transparency-resolutions/Transparency-Reso-01-2020-08-27.pdf,Res 1394-2020,https://legistar.council.nyc.gov/LegislationDetail.aspx?ID=66163&GUID=BE3507A2-88A4-4C3E-97EF-108C917E678B,2020-08-27,confirmed,,18097,City Council,"Approved, by Council",2020-08-27T13:35:00
2021,transparency_reso_02,source/FY21/transparency-resolutions/Transparency-Reso-02-2020-09-23.pdf,Res 1433-2020,https://legistar.council.nyc.gov/LegislationDetail.aspx?ID=66272&GUID=C3963F07-5E20-4B1B-A6F6-29A6DCE3CEA3,2020-09-23,confirmed,,18127,City Council,"Approved, by Council",2020-09-23T18:30:00
2021,transparency_reso_03,source/FY21/transparency-resolutions/Transparency-Reso-03-2020-10-29.pdf,Res 1470-2020,https://legistar.council.nyc.gov/LegislationDetail.aspx?ID=66454&GUID=C4BA24FB-92A8-4386-AA65-CC7D25C6C7E6,2020-10-29,confirmed,,18241,City Council,"Approved, by Council",2020-10-29T18:30:00
2021,transparency_reso_04,source/FY21/transparency-resolutions/Transparency-Reso-04-2020-11-19.pdf,Res 1480-2020,https://legistar.council.nyc.gov/LegislationDetail.aspx?ID=66521&GUID=183A7D62-9660-4C2B-BB9C-69AB6F9FD1F3,2020-11-19,confirmed,,18286,City Council,"Approved, by Council",2020-11-19T18:30:00
2021,transparency_reso_05,source/FY21/transparency-resolutions/Transparency-Reso-05-2020-12-17.pdf,Res 1509-2020,https://legistar.council.nyc.gov/LegislationDetail.aspx?ID=66617&GUID=3E86BFF9-9DC4-4397-A2F0-92508ECC60E0,2020-12-17,confirmed,,18361,City Council,"Approved, by Council",2020-12-17T18:30:00
2021,transparency_reso_06,source/FY21/transparency-resolutions/Transparency-Reso-06-2021-02-25.pdf,Res 1544-2021,https://legistar.council.nyc.gov/LegislationDetail.aspx?ID=66803&GUID=6C3B21DE-395F-456E-BA03-15D713F440AD,2021-02-25,confirmed,,18511,City Council,"Approved, by Council",2021-02-25T18:30:00
2021,transparency_reso_07,source/FY21/transparency-resolutions/Transparency-Reso-07-2021-04-22.pdf,Res 1603-2021,https://legistar.council.nyc.gov/LegislationDetail.aspx?ID=67065&GUID=BB3A29A9-63FF-4091-8050-06FDAAA0EE48,2021-04-22,confirmed,,18594,City Council,"Approved, by Council",2021-04-22T18:30:00
2021,transparency_reso_08,source/FY21/transparency-resolutions/Transparency-Reso-08-2021-06-30.pdf,Res 1693-2021,https://legistar.council.nyc.gov/LegislationDetail.aspx?ID=67385&GUID=52CA543B-B01B-41AA-B21D-0C9D9FE862B5,2021-06-30,confirmed,,18725,City Council,"Approved, by Council",2021-06-30T16:00:00
2022,schedule_c,source/FY22/Fiscal-2022-Schedule-C-Merge-6.30.21.pdf,Res 1700-2021,https://legistar.council.nyc.gov/LegislationDetail.aspx?ID=67311&GUID=92D21F55-1CDE-460A-81BB-2E6144538476,2021-06-30,confirmed,"inferred exhibit (Contract Budget reso, M 300).",18725,City Council,"Approved, by Council",2021-06-30T11:00:00
2022,terms_conditions,source/FY22/FY22-Terms-and-Conditions_FINAL.pdf,Res 1700-2021,https://legistar.council.nyc.gov/LegislationDetail.aspx?ID=67311&GUID=92D21F55-1CDE-460A-81BB-2E6144538476,2021-06-30,confirmed,inferred exhibit; same matter as FY2022 Schedule C (M 300).,18725,City Council,"Approved, by Council",2021-06-30T11:00:00
2022,capital_a,source/FY22/FY22-Sec254-Capital-ResoA-Book.pdf,Res 1701-2021,https://legistar.council.nyc.gov/LegislationDetail.aspx?ID=67312&GUID=D5169437-2921-4FF6-8A47-440DCFBD95CC,2021-06-30,confirmed,M 301.,18725,City Council,"Approved, by Council",2021-06-30T11:00:00
2022,capital_a,source/FY22/FY22-Sec254-Capital-Supporting-Detail-Book.pdf,Res 1701-2021,https://legistar.council.nyc.gov/LegislationDetail.aspx?ID=67312&GUID=D5169437-2921-4FF6-8A47-440DCFBD95CC,2021-06-30,confirmed,Capital Supporting Detail Book; same M-message as Reso A (M 301).,18725,City Council,"Approved, by Council",2021-06-30T11:00:00
2022,transparency_reso_01,source/FY22/transparency-resolutions/Transparency-Reso-01-2021-07-29.pdf,Res 1715-2021,https://legistar.council.nyc.gov/LegislationDetail.aspx?ID=67433&GUID=656351E0-7A00-4ED6-9AE5-E897CBEF2A62,2021-07-29,confirmed,,18742,City Council,"Approved, by Council",2021-07-29T18:30:00
2022,transparency_reso_02,source/FY22/transparency-resolutions/Transparency-Reso-02-2021-08-26.pdf,Res 1726-2021,https://legistar.council.nyc.gov/LegislationDetail.aspx?ID=67490&GUID=2602C1B2-E5C9-4A2F-91BC-697261B609D5,2021-08-26,confirmed,,18756,City Council,"Approved, by Council",2021-08-26T18:30:00
2022,transparency_reso_03,source/FY22/transparency-resolutions/Transparency-Reso-03-2021-09-23.pdf,Res 1739-2021,https://legistar.council.nyc.gov/LegislationDetail.aspx?ID=67545&GUID=623E80B5-209E-4322-A4AA-7B75221A9F02,2021-09-23,confirmed,,18812,City Council,"Approved, by Council",2021-09-23T18:30:00
2022,transparency_reso_04,source/FY22/transparency-resolutions/Transparency-Reso-04-2021-10-07.pdf,Res 1752-2021,https://legistar.council.nyc.gov/LegislationDetail.aspx?ID=67634&GUID=93989314-3E64-4207-9CA0-1B88BCE97C4B,2021-10-07,confirmed,,18862,City Council,"Approved, by Council",2021-10-07T13:30:00
2022,transparency_reso_05,source/FY22/transparency-resolutions/Transparency-Reso-05-2021-10-21.pdf,Res 1765-2021,https://legistar.council.nyc.gov/LegislationDetail.aspx?ID=67689&GUID=232B07D0-8C53-4353-B0AC-BBF4E20E5FF7,2021-10-21,confirmed,,18876,City Council,"Approved, by Council",2021-10-21T18:30:00
2022,transparency_reso_06,source/FY22/transparency-resolutions/Transparency-Reso-06-2021-11-10.pdf,Res 1785-2021,https://legistar.council.nyc.gov/LegislationDetail.aspx?ID=67797&GUID=33CF5E8B-3BFE-4563-AC42-2E6C55EF4DBC,2021-11-10,confirmed,,18923,City Council,"Approved, by Council",2021-11-10T18:30:00
2022,transparency_reso_07,source/FY22/transparency-resolutions/Transparency-Reso-07-2021-11-23.pdf,Res 1803-2021,https://legistar.council.nyc.gov/LegislationDetail.aspx?ID=67866&GUID=0E9A8171-9D02-4809-979D-7E33D9A84529,2021-11-23,confirmed,,18953,City Council,"Approved, by Council",2021-11-23T18:30:00
2022,transparency_reso_08,source/FY22/transparency-resolutions/Transparency-Reso-08-2021-12-09.pdf,Res 1839-2021,https://legistar.council.nyc.gov/LegislationDetail.aspx?ID=67977&GUID=E574A30A-D47D-46F6-B517-DB0A3F52B6EA,2021-12-09,confirmed,,18998,City Council,"Approved, by Council",2021-12-09T18:30:00
2022,transparency_reso_09,source/FY22/transparency-resolutions/Transparency-Reso-09-2021-12-15.pdf,Res 1869-2021,https://legistar.council.nyc.gov/LegislationDetail.aspx?ID=68007&GUID=1E40920F-C625-4B37-A68E-6754D70CA352,2021-12-15,confirmed,,19017,City Council,"Approved, by Council",2021-12-15T18:30:00
2022,transparency_reso_10,source/FY22/transparency-resolutions/Transparency-Reso-10-2022-03-10.pdf,Res 0058-2022,https://legistar.council.nyc.gov/LegislationDetail.aspx?ID=68341&GUID=17C86DE3-ED28-45BF-9232-D1EA258DE952,2022-03-10,confirmed,,19142,City Council,"Approved, by Council",2022-03-10T18:30:00
2022,transparency_reso_11,source/FY22/transparency-resolutions/Transparency-Reso-11-2022-04-14.pdf,Res 0107-2022,https://legistar.council.nyc.gov/LegislationDetail.aspx?ID=68648&GUID=D3A0B53F-CF44-4123-9ED7-77B3A8B2CC3C,2022-04-14,confirmed,,19226,City Council,"Approved, by Council",2022-04-14T13:30:00
2022,transparency_reso_12,source/FY22/transparency-resolutions/Transparency-Reso-12-2022-05-05.pdf,Res 0154-2022,https://legistar.council.nyc.gov/LegislationDetail.aspx?ID=69169&GUID=9F299F0F-9019-408B-883E-DDA8C31131D9,2022-05-05,confirmed,,19292,City Council,"Approved, by Council",2022-05-05T18:30:00
2022,transparency_reso_13,source/FY22/transparency-resolutions/Transparency-Reso-13-2022-05-19.pdf,Res 0160-2022,https://legistar.council.nyc.gov/LegislationDetail.aspx?ID=69391&GUID=41993EA5-70A0-42E7-BA88-837F3AC0F404,2022-05-19,confirmed,,19307,City Council,"Approved, by Council",2022-05-19T13:30:00
2022,transparency_reso_14,source/FY22/transparency-resolutions/Transparency-Reso-14-2022-06-13.pdf,Res 0224-2022,https://legistar.council.nyc.gov/LegislationDetail.aspx?ID=69668&GUID=31BD6152-03DF-4DE5-B15E-CF9620747372,2022-06-13,confirmed,,19395,City Council,"Approved, by Council",2022-06-13T19:05:00
2023,schedule_c,source/FY23/Fiscal-2023-Schedule-C-Merge-6.13.22-Final-1.pdf,Res 0226-2022,https://legistar.council.nyc.gov/LegislationDetail.aspx?ID=69621&GUID=0FA67523-248A-4B25-A939-D784C53C9E38,2022-06-13,confirmed,"inferred exhibit (Contract Budget reso, M 50).",19395,City Council,"Approved, by Council",2022-06-13T19:00:00
2023,terms_conditions,source/FY23/FY23-Terms-and-Conditions_FINAL_OMB-and-Council-Review-6.11.22.pdf,Res 0226-2022,https://legistar.council.nyc.gov/LegislationDetail.aspx?ID=69621&GUID=0FA67523-248A-4B25-A939-D784C53C9E38,2022-06-13,confirmed,inferred exhibit; same matter as FY2023 Schedule C (M 50).,19395,City Council,"Approved, by Council",2022-06-13T19:00:00
2023,capital_a,source/FY23/FY23-Sec254-Capital-ResoA-Book.pdf,Res 0227-2022,https://legistar.council.nyc.gov/LegislationDetail.aspx?ID=69622&GUID=DD188CF2-78BD-4A8B-AF8B-6A75EEE438EB,2022-06-13,confirmed,M 51.,19395,City Council,"Approved, by Council",2022-06-13T19:00:00
2023,capital_a,source/FY23/FY23-Sec254-Capital-Supporting-Detail-Book.pdf,Res 0227-2022,https://legistar.council.nyc.gov/LegislationDetail.aspx?ID=69622&GUID=DD188CF2-78BD-4A8B-AF8B-6A75EEE438EB,2022-06-13,confirmed,Capital Supporting Detail Book; same M-message as Reso A (M 51).,19395,City Council,"Approved, by Council",2022-06-13T19:00:00
2023,transparency_reso_01,source/FY23/transparency-resolutions/Transparency-Reso-01-2022-07-14.pdf,Res 0255-2022,https://legistar.council.nyc.gov/LegislationDetail.aspx?ID=69789&GUID=47066D56-EBF0-45EC-97B5-B59388D52171,2022-07-14,confirmed,,19426,City Council,"Approved, by Council",2022-07-14T16:30:00
2023,transparency_reso_02,source/FY23/transparency-resolutions/Transparency-Reso-02-2022-08-11.pdf,Res 0288-2022,https://legistar.council.nyc.gov/LegislationDetail.aspx?ID=69889&GUID=FFC68ACE-5EC9-4A59-BD62-8723C8E9EDF9,2022-08-11,confirmed,,19455,City Council,"Approved, by Council",2022-08-11T13:35:00
2023,transparency_reso_03,source/FY23/transparency-resolutions/Transparency-Reso-03-2022-09-29.pdf,Res 0327-2022,https://legistar.council.nyc.gov/LegislationDetail.aspx?ID=70175&GUID=51AFA7B4-FF48-4557-833F-78582CE37C46,2022-09-29,confirmed,,19578,City Council,"Approved, by Council",2022-09-29T18:30:00
2023,transparency_reso_04,source/FY23/transparency-resolutions/Transparency-Reso-04-2022-10-27.pdf,Res 0363-2022,https://legistar.council.nyc.gov/LegislationDetail.aspx?ID=70358&GUID=B6FBA5DE-A63D-4345-A1A9-0DECE21BED9E,2022-10-27,confirmed,,19641,City Council,"Approved, by Council",2022-10-27T18:30:00
2023,transparency_reso_05,source/FY23/transparency-resolutions/Transparency-Reso-05-2022-11-22.pdf,Res 0388-2022,https://legistar.council.nyc.gov/LegislationDetail.aspx?ID=70503&GUID=A46C9CE9-46EA-410A-BD27-C336E26FE413,2022-11-22,confirmed,,19697,City Council,"Approved, by Council",2022-11-22T18:30:00
2023,transparency_reso_06,source/FY23/transparency-resolutions/Transparency-Reso-06-2022-12-21.pdf,Res 0440-2022,https://legistar.council.nyc.gov/LegislationDetail.aspx?ID=70543&GUID=0549803D-1D57-4A62-9A59-13256DF38211,2022-12-21,confirmed,,19743,City Council,"Approved, by Council",2022-12-21T18:30:00
2023,transparency_reso_07,source/FY23/transparency-resolutions/Transparency-Reso-07-2023-01-19.pdf,Res 0457-2023,https://legistar.council.nyc.gov/LegislationDetail.aspx?ID=70676&GUID=A9BBBF7B-B2B5-40F8-B925-D0372260A3A0,2023-01-19,confirmed,,19796,City Council,"Approved, by Council",2023-01-19T13:35:00
2023,transparency_reso_08,source/FY23/transparency-resolutions/Transparency-Reso-08-2023-02-02.pdf,Res 0472-2023,https://legistar.council.nyc.gov/LegislationDetail.aspx?ID=70759&GUID=1CB90392-DF66-4A63-B80F-0AE41CAEE698,2023-02-02,confirmed,,19839,City Council,"Approved, by Council",2023-02-02T13:35:00
2023,transparency_reso_09,source/FY23/transparency-resolutions/Transparency-Reso-09-2023-02-16.pdf,Res 0502-2023,https://legistar.council.nyc.gov/LegislationDetail.aspx?ID=70832&GUID=186AF42C-7C88-4167-B1A4-BD865C4B26B9,2023-02-16,confirmed,,19906,City Council,"Approved, by Council",2023-02-16T13:30:00
2023,transparency_reso_10,source/FY23/transparency-resolutions/Transparency-Reso-10-2023-03-02.pdf,Res 0508-2023,https://legistar.council.nyc.gov/LegislationDetail.aspx?ID=70946&GUID=64869601-1DB4-4B84-92EE-05DE4CE6F054,2023-03-02,confirmed,,19930,City Council,"Approved, by Council",2023-03-02T18:30:00
2023,transparency_reso_11,source/FY23/transparency-resolutions/Transparency-Reso-11-2023-03-16.pdf,Res 0530-2023,https://legistar.council.nyc.gov/LegislationDetail.aspx?ID=70972&GUID=3957447C-B91C-40FD-A176-7DB70AFA5F42,2023-03-16,confirmed,,19957,City Council,"Approved, by Council",2023-03-16T18:30:00
2023,transparency_reso_12,source/FY23/transparency-resolutions/Transparency-Reso-12-2023-04-27.pdf,Res 0575-2023,https://legistar.council.nyc.gov/LegislationDetail.aspx?ID=71183&GUID=12171174-BC41-4C2E-A9BF-C08195AEFD31,2023-04-27,confirmed,,20070,City Council,"Approved, by Council",2023-04-27T18:30:00
2023,transparency_reso_13,source/FY23/transparency-resolutions/Transparency-Reso-13-2023-05-11.pdf,Res 0607-2023,https://legistar.council.nyc.gov/LegislationDetail.aspx?ID=71334&GUID=FC8CE78A-3F72-4767-9D16-4D4AC9DB050A,2023-05-11,confirmed,,20099,City Council,"Approved, by Council",2023-05-11T18:30:00
2023,transparency_reso_14,source/FY23/transparency-resolutions/Transparency-Reso-14-2023-06-30.pdf,Res 0705-2023,https://legistar.council.nyc.gov/LegislationDetail.aspx?ID=71611&GUID=A8903F59-949F-4C7F-8DE3-4F3A55828B3F,2023-06-30,confirmed,,20216,City Council,"Approved, by Council",2023-06-30T18:00:00
2024,schedule_c,source/FY24/Fiscal-2024-Schedule-C-Merge-Final.pdf,Res 0707-2023,https://legistar.council.nyc.gov/LegislationDetail.aspx?ID=71613&GUID=86D036D0-77E8-4A98-9A11-97A3D64CE9CA,2023-06-30,confirmed,"inferred exhibit (Contract Budget reso, M 141).",20216,City Council,"Approved, by Council",2023-06-30T12:00:00
2024,terms_conditions,source/FY24/FY24-Terms-and-Conditions.pdf,Res 0707-2023,https://legistar.council.nyc.gov/LegislationDetail.aspx?ID=71613&GUID=86D036D0-77E8-4A98-9A11-97A3D64CE9CA,2023-06-30,confirmed,inferred exhibit; same matter as FY2024 Schedule C (M 141).,20216,City Council,"Approved, by Council",2023-06-30T12:00:00
2024,capital_a,source/FY24/FY2024-Sec254-Supporting-Detail-Book_7.10.2023pwp-2.pdf,Res 0708-2023,https://legistar.council.nyc.gov/LegislationDetail.aspx?ID=71614&GUID=C5A9B457-98C4-4D0C-A1EA-6AB51E53206E,2023-06-30,confirmed,"Capital Supporting Detail Book (M 142, Reso A).",20216,City Council,"Approved, by Council",2023-06-30T12:00:00
2024,capital_a,source/FY24/Fiscal-Year-2024-Changes-To-The-Executive-Capital-Budget-Adopted-by-the-City-Council.pdf,Res 0708-2023,https://legistar.council.nyc.gov/LegislationDetail.aspx?ID=71614&GUID=C5A9B457-98C4-4D0C-A1EA-6AB51E53206E,2023-06-30,confirmed,"Capital Changes (""Reso A"", M 142). Companion Reso B = Res 0709-2023 (ID 71615), not downloaded.",20216,City Council,"Approved, by Council",2023-06-30T12:00:00
2024,transparency_reso_01,source/FY24/transparency-resolutions/Transparency-Reso-01-2023-08-03.pdf,Res 0726-2023,https://legistar.council.nyc.gov/LegislationDetail.aspx?ID=71693&GUID=8AE525AB-23ED-459C-842E-DFBC5CC3C6AF,2023-08-03,confirmed,,20262,City Council,"Approved, by Council",2023-08-03T13:35:00
2024,transparency_reso_02,source/FY24/transparency-resolutions/Transparency-Reso-02-2023-09-14.pdf,Res 0744-2023,https://legistar.council.nyc.gov/LegislationDetail.aspx?ID=71819&GUID=B8D550E6-677E-416D-858A-D8D1D2E3F126,2023-09-14,confirmed,,20330,City Council,"Approved, by Council",2023-09-14T18:30:00
2024,transparency_reso_03,source/FY24/transparency-resolutions/Transparency-Reso-03-2023-10-05.pdf,Res 0806-2023,https://legistar.council.nyc.gov/LegislationDetail.aspx?ID=71935&GUID=5E46C1B1-E139-4E29-8D05-206D831F4740,2023-10-05,confirmed,,20389,City Council,"Approved, by Council",2023-10-05T14:05:00
2024,transparency_reso_04,source/FY24/transparency-resolutions/Transparency-Reso-04-2023-11-02.pdf,Res 0834-2023,https://legistar.council.nyc.gov/LegislationDetail.aspx?ID=72030&GUID=679A985A-4335-486D-A73D-D07F34D9A958,2023-11-02,confirmed,,20457,City Council,"Approved, by Council",2023-11-02T18:30:00
2024,transparency_reso_05,source/FY24/transparency-resolutions/Transparency-Reso-05-2023-12-20.pdf,Res 0864-2023,https://legistar.council.nyc.gov/LegislationDetail.aspx?ID=72180&GUID=A16794C7-CBF3-4568-8FFB-A16794C7A9B2,2023-12-20,confirmed,,20553,City Council,"Approved, by Council",2023-12-20T18:30:00
2024,transparency_reso_06,source/FY24/transparency-resolutions/Transparency-Reso-06-2024-02-08.pdf,Res 0006-2024,https://legistar.council.nyc.gov/LegislationDetail.aspx?ID=72349&GUID=E16E27E3-4C58-40D0-BB11-8AAD7AFA52BC,2024-02-08,confirmed,,20665,City Council,"Approved, by Council",2024-02-08T18:30:00
2024,transparency_reso_07,source/FY24/transparency-resolutions/Transparency-Reso-07-2024-04-11.pdf,Res 0305-2024,https://legistar.council.nyc.gov/LegislationDetail.aspx?ID=74000&GUID=AC16CB4F-B542-4846-BB19-D4648C16E869,2024-04-11,confirmed,,20804,City Council,"Approved, by Council",2024-04-11T13:30:00
2024,transparency_reso_08,source/FY24/transparency-resolutions/Transparency-Reso-08-2024-05-23.pdf,Res 0436-2024,https://legistar.council.nyc.gov/LegislationDetail.aspx?ID=74256&GUID=0E7BADC2-89FA-4729-8B82-C230256D25E0,2024-05-23,confirmed,,20921,City Council,"Approved, by Council",2024-05-23T13:30:00
2024,transparency_reso_09,source/FY24/transparency-resolutions/Transparency-Reso-09-2024-06-30.pdf,Res 0484-2024,https://legistar.council.nyc.gov/LegislationDetail.aspx?ID=74356&GUID=F136B03A-C4BD-40AE-9616-51F0F7BE3B0C,2024-06-30,confirmed,,20995,City Council,"Approved, by Council",2024-06-30T18:30:00
2025,schedule_c,source/FY25/Fiscal-2025-Schedule-C-MERGE-FINAL-2.pdf,Res 0490-2024,https://legistar.council.nyc.gov/LegislationDetail.aspx?ID=74480&GUID=40E2DE40-3F8E-45AE-BB1B-A4080E4D6299,2024-06-30,confirmed,"inferred exhibit (Contract Budget reso, M 42).",20995,City Council,"Approved, by Council",2024-06-30T13:30:00
2025,terms_conditions,source/FY25/FY25-Terms-and-Conditions-1.pdf,Res 0490-2024,https://legistar.council.nyc.gov/LegislationDetail.aspx?ID=74480&GUID=40E2DE40-3F8E-45AE-BB1B-A4080E4D6299,2024-06-30,confirmed,inferred exhibit; same matter as FY2025 Schedule C (M 42).,20995,City Council,"Approved, by Council",2024-06-30T13:30:00
2025,capital_a,source/FY25/Fiscal-2025-Capital-Changes.pdf,Res 0491-2024,https://legistar.council.nyc.gov/LegislationDetail.aspx?ID=74481&GUID=D2C1C949-B3CA-463A-8BC5-326C803A9C79,2024-06-30,confirmed,"Capital Changes (M 43, Reso A).",20995,City Council,"Approved, by Council",2024-06-30T13:30:00
2025,transparency_reso_01,source/FY25/transparency-resolutions/Transparency-Reso-01-2024-08-15.pdf,Res 0517-2024,https://legistar.council.nyc.gov/LegislationDetail.aspx?ID=74597&GUID=F7B05370-C041-4C68-89EA-82D4D395D9B8,2024-08-15,confirmed,,21052,City Council,"Approved, by Council",2024-08-15T13:30:00
2025,transparency_reso_02,source/FY25/transparency-resolutions/Transparency-Reso-02-2024-09-12.pdf,Res 0559-2024,https://legistar.council.nyc.gov/LegislationDetail.aspx?ID=74713&GUID=06F14751-EDB0-4696-88EF-5BAFF4B49149,2024-09-12,confirmed,,21088,City Council,"Approved, by Council",2024-09-12T13:30:00
2025,transparency_reso_03,source/FY25/transparency-resolutions/Transparency-Reso-03-2024-10-10.pdf,Res 0597-2024,https://legistar.council.nyc.gov/LegislationDetail.aspx?ID=74800&GUID=A90604FF-CB89-4866-8FB8-D099801EEE11,2024-10-10,confirmed,,21153,City Council,"Approved, by Council",2024-10-10T13:30:00
2025,transparency_reso_04,source/FY25/transparency-resolutions/Transparency-Reso-04-2024-10-23.pdf,,,2024-10-23,not_located,"Local file present; adoption date 2024-10-23 confirmed via council.nyc.gov primary source; absent from Legistar phrase-search results, matter number not resolved.",,,,
2025,transparency_reso_05,source/FY25/transparency-resolutions/Transparency-Reso-05-2024-11-13.pdf,Res 0641-2024,https://legistar.council.nyc.gov/LegislationDetail.aspx?ID=74987&GUID=31B11577-DBD3-4D20-A20F-A1A6E8E2FFA9,2024-11-13,confirmed,,21219,City Council,"Approved, by Council",2024-11-13T18:30:00
2025,transparency_reso_06,source/FY25/transparency-resolutions/Transparency-Reso-06-2024-12-05.pdf,Res 0677-2024,https://legistar.council.nyc.gov/LegislationDetail.aspx?ID=75088&GUID=9303B891-9859-4876-9714-6FDEFF3D43B6,2024-12-05,confirmed,,21263,City Council,"Approved, by Council",2024-12-05T18:30:00
2025,transparency_reso_07,source/FY25/transparency-resolutions/Transparency-Reso-07-2025-01-23.pdf,Res 0712-2025,https://legistar.council.nyc.gov/LegislationDetail.aspx?ID=75210&GUID=E6873435-00D0-4AE7-A691-BD0D826CDEC4,2025-01-23,confirmed,,21393,City Council,"Approved, by Council",2025-01-23T13:30:00
2025,transparency_reso_08,source/FY25/transparency-resolutions/Transparency-Reso-08-2025-02-13.pdf,Res 0732-2025,https://legistar.council.nyc.gov/LegislationDetail.aspx?ID=75369&GUID=06FE016B-44E3-4ED1-9E27-3A78A504D7AA,2025-02-13,confirmed,,21433,City Council,"Approved, by Council",2025-02-13T13:30:00
2025,transparency_reso_09,source/FY25/transparency-resolutions/Transparency-Reso-09-2025-03-12.pdf,Res 0791-2025,https://legistar.council.nyc.gov/LegislationDetail.aspx?ID=75514&GUID=1A1A7EAB-2288-459C-9D94-FE2373B68454,2025-03-12,confirmed,,21480,City Council,"Approved, by Council",2025-03-12T13:30:00
2025,transparency_reso_10,source/FY25/transparency-resolutions/Transparency-Reso-10-2025-03-26.pdf,Res 0815-2025,https://legistar.council.nyc.gov/LegislationDetail.aspx?ID=75624&GUID=E315D0D5-ADFF-44BC-AD90-E59EC19F4B7F,2025-03-26,confirmed,,21518,City Council,"Approved, by Council",2025-03-26T18:30:00
2025,transparency_reso_11,source/FY25/transparency-resolutions/Transparency-Reso-11-2025-04-24.pdf,Res 0849-2025,https://legistar.council.nyc.gov/LegislationDetail.aspx?ID=75693&GUID=6BA6ABD6-3C2A-444A-9A0A-2F99CDEA6870,2025-04-24,confirmed,,,,,
2025,transparency_reso_12,source/FY25/transparency-resolutions/Transparency-Reso-12-2025-05-28.pdf,Res 0875-2025,https://legistar.council.nyc.gov/LegislationDetail.aspx?ID=75850&GUID=834D3003-01C7-4C11-B126-84D65B35CE0D,2025-05-28,confirmed,,21671,City Council,"Approved, by Council",2025-05-28T18:30:00
2025,transparency_reso_13,source/FY25/transparency-resolutions/Transparency-Reso-13-2025-06-30.pdf,Res 0959-2025,https://legistar.council.nyc.gov/LegislationDetail.aspx?ID=76075&GUID=AD973B65-F33A-4B11-994A-2FBDDF984437,2025-06-30,confirmed,,21731,City Council,"Approved, by Council",2025-06-30T18:30:00
2026,schedule_c,source/FY26/Fiscal-2026-Schedule-C-4.pdf,Res 0974-2025,https://legistar.council.nyc.gov/LegislationDetail.aspx?ID=76115&GUID=CC857BB0-6B46-4D9B-9681-B767FDF1B5D6,2025-06-30,confirmed,"inferred exhibit (Contract Budget reso, M 128).",21731,City Council,"Approved, by Council",2025-06-30T13:30:00
2026,terms_conditions,source/FY26/FY26-Terms-and-Conditions-1.pdf,Res 0974-2025,https://legistar.council.nyc.gov/LegislationDetail.aspx?ID=76115&GUID=CC857BB0-6B46-4D9B-9681-B767FDF1B5D6,2025-06-30,confirmed,inferred exhibit; same matter as FY2026 Schedule C (M 128).,21731,City Council,"Approved, by Council",2025-06-30T13:30:00
2026,capital_a,source/FY26/Fiscal-2026-Capital-Budget-Supporting-Details-1.pdf,Res 0975-2025,https://legistar.council.nyc.gov/LegislationDetail.aspx?ID=76116&GUID=C88B8E4F-54DC-4690-8772-BD3252D75884,2025-06-30,confirmed,"Capital Budget Supporting Details (M 129, Reso A).",21731,City Council,"Approved, by Council",2025-06-30T13:30:00
2026,transparency_reso_01,source/FY26/transparency-resolutions/Transparency-Reso-01-2025-08-14.pdf,Res 1013-2025,https://legistar.council.nyc.gov/LegislationDetail.aspx?ID=76221&GUID=01CD2610-B141-4C37-9B85-986A549BB691,2025-08-14,confirmed,,21806,City Council,"Approved, by Council",2025-08-14T18:30:00
2026,transparency_reso_02,source/FY26/transparency-resolutions/Transparency-Reso-02-2025-09-25.pdf,Res 1059-2025,https://legistar.council.nyc.gov/LegislationDetail.aspx?ID=76441&GUID=8AE8D84A-AB69-4B9A-813A-EC275C425B81,2025-09-25,confirmed,,21906,City Council,"Approved, by Council",2025-09-25T18:30:00
2026,transparency_reso_03,source/FY26/transparency-resolutions/Transparency-Reso-03-2025-10-29.pdf,Res 1100-2025,https://legistar.council.nyc.gov/LegislationDetail.aspx?ID=76604&GUID=37796C8C-0093-45CF-9F5D-5F7B95200446,2025-10-29,confirmed,,21992,City Council,"Approved, by Council",2025-10-29T13:30:00
2026,transparency_reso_04,source/FY26/transparency-resolutions/Transparency-Reso-04-2025-11-25.pdf,Res 1153-2025,https://legistar.council.nyc.gov/LegislationDetail.aspx?ID=76762&GUID=DFCA0CF3-EA86-424E-9BE7-31B91EFFA734,2025-11-25,confirmed,,22060,City Council,"Approved, by Council",2025-11-25T18:30:00
2026,transparency_reso_05,source/FY26/transparency-resolutions/Transparency-Reso-05-2025-12-18.pdf,Res 1186-2025,https://legistar.council.nyc.gov/LegislationDetail.aspx?ID=76863&GUID=57C3A63D-C050-40C2-9C27-FAB99C67010D,2025-12-18,confirmed,,22114,City Council,"Approved, by Council",2025-12-18T13:40:00
2026,transparency_reso_06,source/FY26/transparency-resolutions/Transparency-Reso-06-2026-02-12.pdf,Res 0255-2026,https://legistar.council.nyc.gov/LegislationDetail.aspx?ID=77952&GUID=C36B06D0-D039-46CD-951C-A2875CA3BF1B,2026-02-12,confirmed,,22223,City Council,"Approved, by Council",2026-02-12T13:30:00
2026,transparency_reso_07,source/FY26/transparency-resolutions/Transparency-Reso-07-2026-03-10.pdf,Res 0353-2026,https://legistar.council.nyc.gov/LegislationDetail.aspx?ID=78310&GUID=D7504BF6-F9DF-4F3F-BAD0-5CBCCCB4EFB2,2026-03-10,confirmed,,22315,City Council,"Approved, by Council",2026-03-10T13:30:00
2026,transparency_reso_08,source/FY26/transparency-resolutions/Transparency-Reso-08-2026-04-16.pdf,Res 0420-2026,https://legistar.council.nyc.gov/LegislationDetail.aspx?ID=78579&GUID=9BCE9066-AABE-4928-BEA3-4C46EC83E440,2026-04-16,confirmed,,22408,City Council,"Approved, by Council",2026-04-16T13:30:00
2026,transparency_reso_09,source/FY26/transparency-resolutions/Transparency-Reso-09-2026-05-20.pdf,Res 0479-2026,https://legistar.council.nyc.gov/LegislationDetail.aspx?ID=78870&GUID=3D3655A0-06EF-4C6B-A0D4-D95AA6A34FFA,2026-05-20,confirmed,,22503,City Council,"Approved, by Council",2026-05-20T13:30:00
2026,transparency_reso_10,source/FY26/transparency-resolutions/Transparency-Reso-10-2026-06-30.pdf,Res 0529-2026,https://legistar.council.nyc.gov/LegislationDetail.aspx?ID=79151&GUID=78561307-299E-48B7-87EA-A97C18EF48F0,2026-06-30,confirmed,,22592,City Council,"Approved, by Council",2026-06-30T17:05:00
2027,schedule_c,source/FY27/Fiscal-2027-Schedule-C-Final-3.pdf,Res 0540-2026,https://legistar.council.nyc.gov/LegislationDetail.aspx?ID=79146&GUID=45F33EBC-A752-4F42-A473-67D0C9EFF5A0,2026-06-30,confirmed,"inferred exhibit (Contract Budget reso, M 69).",22592,City Council,"Approved, by Council",2026-06-30T17:05:00
2027,terms_conditions,source/FY27/FY27-FINAL-Terms-and-Conditions-6.30.26.pdf,Res 0540-2026,https://legistar.council.nyc.gov/LegislationDetail.aspx?ID=79146&GUID=45F33EBC-A752-4F42-A473-67D0C9EFF5A0,2026-06-30,confirmed,inferred exhibit; same matter as FY2027 Schedule C (M 69).,22592,City Council,"Approved, by Council",2026-06-30T17:05:00
2027,capital_a,source/FY27/Supporting-Detail-for-FY2027-Changes-To-the-Executive-Capital-Budget-Pursuant-to-Section-254.V4.pdf,Res 0541-2026,https://legistar.council.nyc.gov/LegislationDetail.aspx?ID=79130&GUID=38B41267-1949-4412-B255-E139B449CF45,2026-06-30,confirmed,"Capital Supporting Detail (M 70, Reso A).",22592,City Council,"Approved, by Council",2026-06-30T17:05:00
