member,organization,program,ein,amount,purpose
Brooks-Powers,"100 Suits for 100 Men, Inc.",Council District 31,462971279,7000,"Funding is to support services to seniors, including meal delivery, hair cuts, visits and social and community events in Council District 31."
Stevens,"1332 Fulton Avenue Day Care Center, Inc.",G.R.A.N.N.Y Program - Council District 16,132690309,20000,"Funds will go to G.R.A.N.N.Y program, which provides senior citizens that are or have been raising children with counseling, referrals, social services and social events within Council District 16."
Bottcher,"Actors Fund of America, The",Manhattan Plaza,131635251,5000,Funds will support Actors Fund AileyDance Classes for Seniors at Manhattan Plaza.
Osse,"Age Friendly Central Brooklyn, Inc.",,853870243,10000,Funding will be used for Senior Pampering Day.
Louis,"Agudath Israel of America Community Services, Inc.",Brookdale Neighborhood Center,133975090,5000,Funds will support programming at Brookdale Neighborhood Center.
Yeger,"Agudath Israel of America Community Services, Inc.",Brookdale Senior Center,133975090,25000,"Funds will be used for printing of newsletters, exercise programs, recreational excursions and support for Brookdale Senior Center."
Gennaro,"Agudath Israel of America Community Services, Inc.",Council District 24,133975090,16000,The purpose of this funding is to help subsidize operational and programming costs.
De La Rosa,"Agudath Israel of America Community Services, Inc.",Moriah Senior Center,133975090,10000,To support programming for Moriah Senior Center.
Joseph,"Agudath Israel of America Community Services, Inc.",Senior Programming - Council District 40,133975090,10000,"Funds will support arts and crafts, congregate lunch, tai chi, aerobics, special seasonal/holiday events and other senior center costs."
Williams,"Allen Community Senior Citizens Center, Inc.",,112326244,40000,Funds will support general operating and program expenses.
Adams,"Allen Community Senior Citizens Center, Inc.",Allen Rockaway Blvd Senior Center,112326244,24000,"Funding is to support virtual and recreational programming, and food services at the senior center."
Brooks-Powers,"Allen Community Senior Citizens Center, Inc.",Council District 31,112326244,6000,"Funding will support senior socialization programs including, virtual programs and materials and resources for arts programming in Council District 31."
Marmorato,Allerton Avenue Homeowners and Tenants Association,,133101238,20000,Funds will support senior programming in Allerton.
Williams,"Alpha Phi Alpha Senior Citizens Center, Inc.",,237436147,25000,"Funds will be used for senior district-based programming, office supplies, Physical/Health exercise equipment for members and general operational expense."
Brooks-Powers,"Alpha Phi Alpha Senior Citizens Center, Inc.",Council District 31,237436147,7000,Funding will support programmatic resources and senior services for the seniors Council District 31.
Yeger,"American-Italian Coalition of Organizations, Inc.",,112488439,7500,"Funds will be used for wellness and health programming for older adults, funding to support yoga and health classes."
Zhuang,"American-Italian Coalition of Organizations, Inc.",AMICO 59th Street Older Adult Center,112488439,7500,Funding for senior programs at AMICO 59th Street Older Adult Center.
Hanif,"American-Italian Coalition of Organizations, Inc.",Eileen C Dugan Amico Senior Center,112488439,9000,"To support older adult services at the Eileen C Dugan Amico Senior Center in Carroll Gardens including internet and phone connections, office and activity supplies and household supplies."
Brannan,"Apna Brooklyn Community Center, Inc.",Senior Services - Council District 47,820706930,5000,To support case management services and other programming for senior residents of Council District 47.
Salaam,"ARC XVI Fort Washington, Inc.",,132745426,7500,To provide support and services to older adults. Page 1 Appendix A: Aging Discretionary Council Member Legal Name of Organization - Program Name Tax ID Amount Purpose of Funds
Abreu,"ARC XVI Fort Washington, Inc.",Senior Citizen Transit - Council District 7,132745426,10000,"Funding to support ARC XVI programming for seniors travel for CB 9, 10, 11 and 12 in Council District 7."
De La Rosa,"ARC XVI Fort Washington, Inc.",WHIST Transportation - Council District 10,132745426,15000,"To support WHIST Transportation services for Council District 10, to provide expanded access to medical appointments, COVID testing, Vaccination sites, mental health services, and social trips with additional part-time drivers' hours."
Vernikov,"Art for Charity Association, Inc.",,822103220,10000,"Funding will be used for programs for Holocaust Survivors and WWII veterans including food distributions, holiday celebrations and other events; home visits to provide social and emotional support."
Gennaro,"Asian Americans For Equality, Inc.",,133187792,10000,Funding to support senior programming including intervention and immigrant services.
Zhuang,"Asian Community Center, Inc.",Senior Tax Services,882701146,5000,Funding for senior services including free tax preparation in Council District 43.
Vernikov,"Association of Holocaust Survivors from the Former Soviet Union, Inc.",,113395358,5000,"Funding to support cultural and educational lectures, movies, food distribution and excursions for Holocaust survivors."
Brooks-Powers,"Bartlett Foundation, The",Council District 31,900952784,5000,Funds to be used to assist in senior and veteran community engagement and recognition efforts in Council District 31.
Brannan,"Bay Ridge Center, Inc.",Senior Services & Programming - Council District 47,800559714,8500,"To support operating expenses associated with senior services programming, including events, case management and meal program."
Zhuang,"Be Proud, Inc.",Senior Holiday Celebration,582674169,5000,Funding for holiday celebrations open to the community in Council District 43.
Dinowitz,"Bedford Park Multi-Service Center for Senior Citizens, Inc.",Access to Critical Services for Older Adults - Council District 11,132745303,10000,"Funding for basic direct health services, provide education, counseling around prevention and management of chronic diseases in Council District 11."
Banks,Bergen Basin Community Development Corporation d/b/a Millennium Development,Council District 42,113199040,7000,"Funds will promote health, wellness and nutrition for all seniors in the Council District 42."
Restler,Bergen Basin Community Development Corporation d/b/a Millennium Development,Independence Senior Center - Council District 33,113199040,5000,To support programming for older adults in Council District 33.
Narcisse,Bergen Basin Community Development Corporation d/b/a Millennium Development,Mill Basin Senior Program,113199040,40000,Funding to provide senior educational and recreational activities and services.
Louis,Bergen Basin Community Development Corporation d/b/a Millennium Development,Philip Howard Houses,113199040,21000,Program will support a NORC program at the Philip Howard Houses. It will allow the seniors of the building to come down and have a place to socialize and attend health/wellness classes.
Louis,BHRAGS Home Care Corp,Council District 45,112579798,6000,"Funds will be used to offer year-round seniors services, health initiatives, physical day programming and adult programming for our seniors in Council District 45."
Restler,"BJHI, Inc.",Exploring Brooklyn Jewish Heritage,462245413,5000,To support the gathering and preservation of Jewish oral and video histories focused on neighborhoods in Council District 33. Page 2 Appendix A: Aging Discretionary Council Member Legal Name of Organization - Program Name Tax ID Amount Purpose of Funds
Ariola,Blessed Trinity Roman Catholic Church,Golden Age Club,262885471,5000,"Funds will support the Golden Age Club including senior peer counseling, community updates and information on senior services."
Menin,"Blue Card, Inc., The",,131623910,10000,To help holocaust survivors and related persons with services and educational programs in Council District 5.
Abreu,"Blue Card, Inc., The",Holocaust Education & Combating Hate Program - Council District 7,131623910,10000,Funding to support The Blue Card Holocaust Education Program in Council District 7.
Hanif,Boro Park Jewish Community Council,,113475993,11000,Support services for seniors and holocaust survivors in Council District 39 and the surrounding areas.
Brooks-Powers,"Braata Productions, Inc.",Singing for Seniors - Council District 31,273402327,10000,Funding to support Braata singing programming in senior centers in Council District 31.
Marmorato,"Bronx House, Inc.",,131739935,10000,"Funds will be used to provide breakfast to seniors, trips for seniors, and to help support the senior computer lab."
Sanchez,"BronxWorks, Inc.",60 East Tremont Avenue - Housing Navigator Services & Walk-in Services,133254484,17500,To support housing navigator services and walk-in services at 60 East Tremont Ave.
Ayala,"BronxWorks, Inc.",Community Food Tour - Moore Senior Center,133254484,10000,"To support Community Food Tour series and educate residents about farmers markets, grocery stores, and other food resources at Moore Senior Center."
Feliz,"BronxWorks, Inc.",East Concourse Senior Center,133254484,10000,Funds will support the operations and programming at BronxWorks East Concourse Senior Center.
Sanchez,"BronxWorks, Inc.",Morris Innovative Older Adult Center,133254484,17500,"To support art classes, transportation for recreational trips to theaters and other cultural institutions, and the purchase of new electronic equipment to enhance recreational time at the center."
Stevens,"BronxWorks, Inc.",NORC - River Park Towers - Council District 16,133254484,10000,Funds will be used to support social services program for the Naturally Occurring Retirement Community (NORC) at River Park Towers.
Brannan,Brooklyn Academy of Music,Cultural & Arts Programming for Seniors,112201344,5000,"To support cultural and arts talks, Q&As, workshops, and other programming for seniors in Council District 47."
Hudson,Brooklyn Academy of Music,Programming - Council District 35,112201344,10000,"Funding to support BAM's older adult programs, including senior cinema."
Louis,Brooklyn Academy of Music,Senior & Education Program,112201344,6000,Funds will support senior programming for seniors in Council District 45.
Restler,Brooklyn Bureau of Community Services,Lifelong Enrichment Program - Council District 33,111630780,5000,To support services and activities to senior citizens in Council District 33 with developmental disabilities who are over age 50.
Narcisse,"Brooklyn Chinese-American Association, Inc.",Avenue U Senior Center,113065859,10000,Funding to support recreational and educational activities for older adults at Avenue U Senior Center.
Yeger,"Brooklyn Chinese-American Association, Inc.",Bensonhurst Senior Center,113065859,7500,"Funds will be used for educational and recreational activities, as well as to defray cost of facility rental at the Bensonhurst Senior Center."
Aviles,"Brooklyn Chinese-American Association, Inc.",Senior Services - Council District 38,113065859,5000,Funds will be used for recreational and educational activities for older adults.
Hudson,"Brooklyn Community Pride Center, Inc.",LGBTQ+ Social Isolations Programs (Elders) & Health and Wellness Programs (Elders),262214534,5000,"Funding to support ElderPride, LGBTQ+ Social Isolations Programs (Elders) & Health and Wellness Programs (Elders), including programming and recreational services. Page 3 Appendix A: Aging Discretionary Council Member Legal Name of Organization - Program Name Tax ID Amount Purpose of Funds"
Hudson,Brooklyn Defender Services,Older Adult Legal Assistance - Council District 35,113305406,5000,Funding to support operational expenses of the Civil Justice Program for older adults in Council District 35.
Louis,"Brooklyn Lifelong Learning, Inc.",Council District 45,463634121,5000,The funds will be used for programmatic support for seniors in Council District 45.
Adams,"Brooks Senior Center, Inc.",Senior Services,112329979,20000,Funds will support the Centers operational costs and programmatic needs.
Carr,Carmel Richmond Nursing Home,,132720248,17000,"Funds will support improved infection prevention and control measures in the nursing home, and partially support the salary of a Infection Control Nurse."
Menin,"Carnegie East House (Housing Development Fund Company, Inc.)",,133436898,5000,Funding will support nursing care including health monitoring and personal care.
Ayala,"Carter Burden Center for the Aging, Inc., The",Lehman Senior Center,237129499,10000,To provide funding for daily programming at Lehman Senior Center.
Ayala,"Carter Burden Center for the Aging, Inc., The",Leonard Covello Senior Center,237129499,10000,To provide funding for daily programming at Leonard Covello Senior Center.
Powers,"Carter Burden Center for the Aging, Inc., The",Luncheon Club & Senior Program,237129499,5000,Funding will support the Carter Burden Luncheon Club and Senior program.
Mealy,"Catholic Charities Community Services, Archdiocese of New York",Riverway Older Adult Center,135562185,10000,"Funds will be used to enhance senior programming, health and wellness, educational, and recreational activities."
Vernikov,"Catholic Charities Neighborhood Services, Inc.",Bay Senior Center,112047151,5000,Funding to support operating and educational programming at Bay Senior Center.
Paladino,"Catholic Charities Neighborhood Services, Inc.",Bayside Senior Center,112047151,5000,"Funding will be used to support educational/recreational & health promotion activities, transportation services and to provide general support to program operation for the Bayside Senior Center in Council District 19."
Caban,"Catholic Charities Neighborhood Services, Inc.",Dellamonica Senior Center,112047151,30000,Funds will be used to defray the cost of operating the Dellamonica Senior Center in Astoria.
Louis,"Catholic Charities Neighborhood Services, Inc.",Glenwood Senior Center,112047151,10000,"Funds will be utilized to support CNS Glenwood Senior Center to enhance and subsidize the services due to increased needs of the elderly as well as educational/recreational & health promotion activities, enhance virtual program."
Ariola,"Catholic Charities Neighborhood Services, Inc.",Howard Beach Senior Center,112047151,5625,"Funds will support the general operations of the Howard Beach Senior Center, as well as the Center's educational, recreational, health and other programs, including transportation needs for seniors."
Restler,"Catholic Charities Neighborhood Services, Inc.",Northside Senior Center,112047151,5000,To support the CCNS Northside Senior Center.
Ariola,"Catholic Charities Neighborhood Services, Inc.",Ozone Park Older Adult Center,112047151,5625,"Funds will support the Ozone Park Senior Center's educational, recreational and health promotion activities, transportation needs by seniors and to provide support for general operations."
Adams,"Catholic Charities Neighborhood Services, Inc.",Ozone Park Older Adult Center,112047151,5000,"Funds will support educational, recreational and wellness activities for the seniors and to assist with the general costs of the center's operation. Page 4 Appendix A: Aging Discretionary Council Member Legal Name of Organization - Program Name Tax ID Amount Purpose of Funds"
Ariola,"Catholic Charities Neighborhood Services, Inc.",Seaside Older Adult Center,112047151,5625,"Funds will support the Seaside Senior Center's educational, recreational and health promotion activities, transportation needs by seniors and to provide support for general operations."
Zhuang,"Catholic Charities Neighborhood Services, Inc.",Senior Program,112047151,5000,Funding for senior center CCNS Lodge Older Adults.
Lee,"Catholic Charities Neighborhood Services, Inc.",Senior Programming,112047151,26000,"Funds are to be used for Council District 23 seniors, specifically in support of educational and health promotion activities and to subsidize increased meals cost and transportation and to provide general support to program operations."
Narcisse,"Catholic Charities Neighborhood Services, Inc.",The Bay Older Adult Center,112047151,15000,"Funding to support older adult programming, services and activities in Council District 46 at Bay Older Adult Center."
Ariola,"Catholic Charities Neighborhood Services, Inc.",Woodhaven- Richmond Hill Older Adult Center,112047151,5625,"Funds will support the Woodhaven-Richmond Hill Senior Center's educational, recreational and health promotion activities, transportation needs by seniors and to provide support for general operations."
Hanks,"Center For Hope Services, Inc.",Age-Friendly Care Program - Council District 49,882507208,10000,Funding will support the Age-Friendly Care program in Council District 49.
Farias,"CenterLight Health System, Inc.",NORC Program - Council District 18,133323765,15000,Funding for the NORC Program in Parkchester in Council District 18.
Caban,"Central Astoria Local Development Coalition, Inc.",Senior Services,112652331,7000,Funds will be used to provide counseling and case work assistance to local seniors.
Ariola,"CHAZAQ Organization USA, Inc.",Older Adult Food Pantry,462148352,10000,Funds will be used to support the food pantry that feeds older adults in need.
Aviles,"Chinese American Planning Council, Inc.",Brooklyn Senior Services,136202692,30000,Funding will be used to enhance CPC Brooklyn Senior Center senior program.
Narcisse,"Chinese American Planning Council, Inc.",Constituent Services - Council District 46,136202692,5000,"Funding to provide culturally responsive outreach, services and recreationally activities to older adults in the 46th Council District."
Ung,"Chinese American Planning Council, Inc.",Nan Shan Senior Citizens Center,136202692,19000,"To support Nan Shan Senior, including congregate lunch, case assistance, support services, ESL classes, exercise activities to promote a healthy and active lifestyle, arts and culture activities, and recreation programming for seniors."
Powers,CityMeals on Wheels,,133634381,5000,Funding will support nutritious meals to homebound elderly in Council District 4.
Brooks-Powers,CityMeals on Wheels,Council District 31,133634381,5000,"Funding will provide emergency meals to Council District 31 residents in cases of inclement weather, specific localized emergencies, or city-wide crises."
Brannan,CityMeals on Wheels,Council District 47,133634381,5000,Funds to support Meals on Wheels operations in Council District 47.
Narcisse,CityMeals on Wheels,Emergency Food - Council District 46,133634381,5000,Funding to support emergency meals to older adults in Council District 46.
Hanks,"Community Agency for Senior Citizens, Inc.",Cassidy Coles Older Adult Center,133263537,15000,Funds will be used to provide services and support to Cassidy Coles Older Adult Center. Page 5 Appendix A: Aging Discretionary Council Member Legal Name of Organization - Program Name Tax ID Amount Purpose of Funds
Hanks,"Community Agency for Senior Citizens, Inc.",New Lane Older Adult Center,133263537,15000,Funding will support services at the New Lane Older Adult Center.
Powers,Community Service Society of New York,,135562202,5000,Funding will support the retired and senior volunteer program for older adults in Council District 4.
Salaam,Community Service Society of New York,Americorps Seniors RSVP Program,135562202,5000,To support programmatic and operating cost of Americorps Seniors RSVP program.
Salaam,Community Service Society of New York,Americorps Seniors RSVP program,135562202,5000,To support programmatic and operating cost of Americorps Seniors RSVP program.
Salaam,"Connect, Inc.",,020694269,15000,To help the participants of the program understand address the lasting effects of elder abuse and ageism by empowering the youth to take necessary steps in crisis prevention.
Feliz,"Council of Belmont Organizations, Inc.",Public Benefits Support,132755323,30000,"Funds will support COBO'S senior assistance programming, including filing paperwork for public benefits."
Louis,"Council of Jewish Organizations of Flatbush, Inc.",Elder Abuse Prevention,112864728,5000,"Funds will support COJO service in Council District 45 for immigrant seniors, providing them with assistance to complete applications to obtain permanent residence and citizenship, work permits, adjustments of immigrant status, and fee waiver."
Zhuang,"Council of Jewish Organizations of Flatbush, Inc.",Senior Support Services,112864728,10000,Funding to support senior programs and services.
Louis,"Council of Peoples Organization, Inc.",Council District 45,753046891,6000,Funds will support senior programming in Council District 45.
Hanif,"Council of Peoples Organization, Inc.",Senior Center Programming,753046891,16500,"To support Senior Center and related programs that provide hot meals and food pantry items, as well as offering them critical services in case management, nutrition, and education."
Brewer,"Council of Senior Centers and Services of NYC, Inc.",Rights & Information for Senior Empowerment,132967277,5000,Funding will support Rights & Information for Senior Empowerment programming and services in Council District 6.
Osse,"Crown Heights Jewish Community Council, Inc.",,237390996,10000,Funding will be used for senior social services through Crown Heights Central.
Hudson,"Crown Heights Jewish Community Council, Inc.",Senior Programs - Council District 35,237390996,35000,Funding to support senior programs in Council District 35.
Joseph,Crown Heights Preservation Committee Corporation,Council District 40,112322490,10000,"Funds will support senior exercise classes, as well as staff salaries, supplies, arts and crafts and meals for seniors on wheels."
Hudson,Crown Heights Preservation Committee Corporation,Shalom Senior Center,112322490,10000,"Funding to promote Shalom Senior Center activities such as English Second Language (ESL), fitness classes, arts and crafts and to defray costs of wheel chair accessible bus."
Nurse,"Cypress Hills Fulton Street Senior Citizens Center, Inc.",Senior Programs - Council District 37,112297647,50000,"Funds will go to operational support for NYC Department for the Aging mandated services, health promotion and exercise, technology, insurance and supplemental staff expenses."
Salaam,"Dances for a Variable Population, Inc.",,264572204,6000,To support physical and mental wellness of older adults by keeping them active through the means of dancing. Page 6 Appendix A: Aging Discretionary Council Member Legal Name of Organization - Program Name Tax ID Amount Purpose of Funds
Bottcher,"Dances for a Variable Population, Inc.",Senior Dance & Community Wellness,264572204,8000,Funds will support Senior Dance and Community Wellness Classes.
Sanchez,Department for the Aging,,136400434,18000,Funds will be used for programming and services.
Zhuang,Department for the Aging,,136400434,10000,Funding to support senior programs and services.
Osse,"Digital Girl, Inc.",,472288307,50000,Funding for Age Friendly Central Brooklyn programming including senior pampering day and Mother's Day brunch in District 36.
Sanchez,"Dominicanos USA, Inc.",Council District 14,463738190,17000,To support DUSA's three core programs including but not limited to Adult Literacy Pilot Project: English for Speakers of Other Languages (ESOL) and Citizenship Services.
Joseph,"Dorchester Senior Citizens Center, Inc.",Council District 40,112305581,20000,"Funds will be used to support the nutrition lunch program, and the educational, recreational, arts, cultural and technology programming as well as senior supportive services."
Powers,"DOROT, Inc.",,133264005,5000,Funding will support DOROT's Homelessness Prevention Program which responds to the needs of underserved homeless New York City seniors in Council District 4.
Abreu,"DOROT, Inc.",Council District 7,133264005,10000,Funding to support programming to alleviate isolation of vulnerable older adults in Council District 7.
Brewer,"DOROT, Inc.",Programs to Alleviate Social Isolation for Seniors,133264005,5000,Funds will be used to provide programming and services to alleviate isolation of vulnerable older adults in Council District 6.
Powers,"Doula Program to Accompany and Comfort, Inc.",,461117388,5000,Funding will support end-of-life doula services in Council District 4.
Gutierrez,"Doula Program to Accompany and Comfort, Inc.",Council District 34,461117388,5000,Funding will support programming and services in Council District 34.
Caban,"East River Development Alliance, Inc.",Senior Services - Astoria Houses,861096987,20000,"Funds will be used to provide assistance to local seniors at NYCHA Astoria Houses in the form of workforce development workshops, assistance in navigating public benefits, financial counseling, and free tax preparation assistance."
Ayala,"East Side House, Inc.",Borinquen Court Mitchel Older Adult Center,131623989,5000,To provide funding for enrichment programming and services including trips and extracurricular activities at Borinquen Court Mitchel Older Adult Center.
Ayala,"East Side House, Inc.",Patterson Senior Center,131623989,10000,To provide funding for enrichment programming and services including trips and extracurricular activities at Patterson Senior Center.
Brannan,"Edith and Carl Marks Jewish Community House of Bensonhurst, Inc.",Older Adult Services - Council District 47,111633484,11500,To support social services for older adult residents of Council District 47.
Zhuang,"Edith and Carl Marks Jewish Community House of Bensonhurst, Inc.",Senior Services,111633484,35000,Funding for senior activities as part of the Neighborhood Naturally Occurring Retirement Community Program (NNORC).
Rivera,"Educational Alliance, Inc., The",Sirovich Center,135562210,15000,Funds will support Sirovich Senior Center's programs and operations.
Marte,"Educational Alliance, Inc., The",Weinberg Center for Balanced Living,135562210,10000,Funding will support Weinberg Center for Balanced Living.
Borelli,Eger Health Care and Rehabilitation Center,,133524533,17500,Funds will support Better Life More Living programming and services.
Moya,"Elmcor Youth and Adult Activities, Inc.",Golden Phoenix 1,112224539,20000,To fund programming for Golden Phoenix 1. Page 7 Appendix A: Aging Discretionary Council Member Legal Name of Organization - Program Name Tax ID Amount Purpose of Funds
Moya,"Elmcor Youth and Adult Activities, Inc.",Golden Phoenix 2,112224539,20000,To fund programming for Golden Phoenix 2.
Moya,"Elmcor Youth and Adult Activities, Inc.",Golden Phoenix 3,112224539,20000,To fund programming for Golden Phoenix 3.
Holden,Emerald Isle Immigration Center,Immigrant & Senior Services,112932528,5000,Funds to provide senior programs and services for Council District 30 Immigrants.
Dinowitz,Emerald Isle Immigration Center,Old Adult Services - Woodlawn,112932528,10000,Funding to provide older adult services for the aging diaspora of Irish immigrants in Woodlawn.
Won,Emerald Isle Immigration Center,Senior Services,112932528,10000,"Funding to support the Extended Services program including immigration legal support, mental health screening, insurance enrollment assistance, benefits screenings, and case management/counseling."
Bottcher,Encore Community Services,Meals for Seniors - Council District 3,133104293,8500,"Funds will support the provision, preparation, and delivery of meals to older adults."
Brewer,Encore Community Services,Older Adult Home Delivered Meal Program,133104293,5000,"Funds will support the provision, preparation, and delivery of meals to older adults."
Carr,"Federation of Italian American Organizations of Brooklyn, Ltd.",,112507910,9000,Funding to be used for Senior programming.
Aviles,"Federation of Italian American Organizations of Brooklyn, Ltd.",Older Adult Clubs,112507910,10000,Funds will be used to support older adult clubs for Council District 38.
Joseph,"Fenimore Senior Center, Inc.",Council District 40,112772287,20000,"Funds will support arts & crafts, wellness seminars, and senior center expenses."
Brewer,"Find Aid for the Aged, Inc.",Hamilton Adult Center - Project FIND Older Adult Classes,132666921,5000,Funds will support Project FIND Older Adult Classes and Activities at Hamilton Older Adult Center.
Bottcher,"Find Aid for the Aged, Inc.",Seniors Programming - Council District 3,132666921,9000,Funds will support programming for seniors.
Vernikov,"Flatbush Shomrim Safety Patrol, Inc.",,203244567,10000,Funding to support assistance services for various emergencies associated with seniors.
Louis,"Flatbush Shomrim Safety Patrol, Inc.",Council District 45,203244567,5000,"Funds will support FSSP programs in Council District 45 for elderly constituents. Activities include elderly assistance, biased crime, anti-terrorism awareness, medical awareness programs, 24X6 patrol to assist all emergencies for elderly."
Banks,"Fort Greene Council, Inc.",,112300840,80000,"Funds will be used to serve older adults through the provision of Health and Wellness, Technology, Educational and Recreational Activities and Older Adults trips for participants at the Teresa Moore Sr. Center in East NY"
Osse,"Fort Greene Council, Inc.",Albany Older Adult Club,112300840,5000,Funding will be used for Albany Older Adult Club programming and services.
Louis,"Fort Greene Council, Inc.",Clarendon Road Church Senior Programing - Council District 45,112300840,20000,Funds will be used to support Senior Programming for seniors at Clarendon Road Church.
Hudson,"Fort Greene Council, Inc.",Grace Agard - Harewood Neighborhood Senior Center,112300840,20000,Funding to support programming at FGC's Grace Agard Harewood Senior Center.
Osse,"Fort Greene Council, Inc.",Grant Square Older Adult Club (OAC),112300840,5000,Funding will be used for Grant Square Older Adult Club (OAC) programming and services. Page 8 Appendix A: Aging Discretionary Council Member Legal Name of Organization - Program Name Tax ID Amount Purpose of Funds
Mealy,"Fort Greene Council, Inc.",Hugh Gilroy Senior Center,112300840,15000,"The funds will be used to serve all persons 60 years and older, to provide Health and Wellness, Technology, Educational & Recreational activities and Older Adults trips."
Mealy,"Fort Greene Council, Inc.",Marcus Garvey Older Adult Club,112300840,5000,"Funds will be used to enhance senior programming, health and wellness, educational, and recreational activities."
Osse,"Fort Greene Council, Inc.",Maria Lawton Older Adult Club (OAC),112300840,5000,Funding will be used for Maria Lawton Older Adult Club (OAC) programming and services.
Mealy,"Fort Greene Council, Inc.",Mt. Ararat Senior Center,112300840,20000,"The funds will be used to serve all persons 60 years and older, to provide Health and Wellness, Technology, Educational and recreational activities and Older Adults trips."
Banks,"Fort Greene Council, Inc.",Senior Recreational & Education Program,112300840,8000,"Funds will be used to serve older adults through the provision of Health and Wellness, Technology, Educational and Recreational Activities and Older Adults trips for participants at the Teresa Moore Sr. Center in East NY."
Mealy,"Fort Greene Council, Inc.",Seth Low Senior Club,112300840,10000,"Funds will be used to enhance senior programming, health and wellness, educational, and recreational activities."
Osse,"Fort Greene Council, Inc.",Stuyvesant Heights Older Adult Club,112300840,5000,Funding will be used for Stuyvesant Heights Older Adult Club programming and services.
Powers,"Fund for the City of New York, Inc.",Stonewall Community Development Corporation,132612524,5000,Funding will support the LGBTQ Stonewall Village Senior Housing Project.
Sanchez,"Fundacion de Ayuda a las Familias y Envejecientes, Inc.",Poverty Prevention Program,853130678,10000,To address food insecurity and provide resources to seniors in Council District 14.
Ariola,"Giving Alternative Learners Uplifting Opportunities, Inc.",Therapeutic Riding & Programs for Older Adults,050615968,5000,Funds will support equestrian lessons and therapeutic riding for older adults.
Brewer,Goddard Riverside Community Center,Lincoln Square Neighborhood Center - Adult Center,131893908,15000,Funds will be used for programming and services for the Adult Center at Lincoln Square Neighborhood Center.
Brewer,Goddard Riverside Community Center,West 88th Street Senior Center,131893908,20000,Funds will support programming at West 88th Street Senior Center.
Stevens,"God's Love We Deliver, Inc.",Home-Delivered Meals - Council District 16,133366846,10000,"Funds will be used to support the provision of home-delivered meals to seriously ill people, their children (to age 18) and their senior caregivers in Council District 16."
Rivera,"Grand Street Settlement, Inc.",Senior Services - Council District 2,135562230,20000,Funds will support Grand Street Settlement's senior programs in Council District 2.
Brooks-Powers,Greater Bethel Community Development Corporation,Council District 31,320000557,10000,The funding will support district based senior services in Council District 31.
Bottcher,"Greenwich House, Inc.",Council District 3,135562204,6000,"Funds will be used to provide workforce services, furnishing space, outreach and wraparound services."
Marte,"Greenwich House, Inc.",Independence Plaza Older Adult Center,135562204,10000,"Funding to provide a comprehensive range of social, cultural, and wellness services at the Independence Plaza Older Adult Center."
Marte,"Greenwich House, Inc.",Music School Older Adult Choral & Songwriting Classes,135562204,10000,"Funding will be used to cover program costs associated with the Music School, including teachers and supplies. Page 9 Appendix A: Aging Discretionary Council Member Legal Name of Organization - Program Name Tax ID Amount Purpose of Funds"
Hudson,"GRIOT Circle, Inc.",Health & Wellness - Council District 35,113364328,10000,"Funds will support GRIOT’s core programs, including their Buddy 2 Buddy peer caregiver program for LGBTQIA+ elders of color."
Zhuang,Guangdong Association of America Corp.,Senior Services,813801668,5000,Funding for senior meal program in Council District 43.
Joseph,"Haitian Centers Council, Inc.",Council District 40,112648501,5000,Fund will be used to support district based senior services and general support expenses.
Louis,"Haitian Centers Council, Inc.",Council District 45,112648501,6000,"Funds will be used to offer year-round seniors services through free weekly cardio fitness classes, improving the quality of life seniors of color through ongoing culturally- appropriate physical activity and nutritional programs."
Marte,"Hamilton-Madison House, Inc.",City Hall Older Adult Center,135562412,17000,"These funds will support the City Hall Older Adult Center that serves a majority Asian- American, Chinese-speaking senior population."
Marte,"Hamilton-Madison House, Inc.",Senior Center Programs,135562412,25000,"To support educational and recreational programs for seniors, virtually and in person."
Paladino,"HANAC, Inc.",Angelo Petromelis College Point Senior Center,112290832,20000,"The funds will support operational costs, purchase kitchen AC unit, activities/programming for seniors at the Angelo Petromelis Senior Center in Council District 19."
Caban,"HANAC, Inc.",Douris Tower,112290832,22000,Funds will be used to defray operating expenses of George Douris Tower.
De La Rosa,"HANAC, Inc.",Hellenic Senior Program - St. Spyridon,112290832,7000,To support senior programming at St. Spyridon Church.
Won,"HANAC, Inc.",Ravenswood Older Adult Center,112290832,10000,"Funding will be used to provide social services, health promotion, wellness with nutrition, health exercises, and senior programming for the Ravenswood Older Adult Center."
Caban,"HANAC, Inc.",Senior Services - Council District 22,112290832,7000,"Funds will be used to support the Extended Services Program, which provides free senior casework in Council District 22."
Salaam,"Harlem Advocates for Seniors, Inc.",Philips Senior House & West 135th St Apartments,811966114,7500,Funds to support programs for older adults at Philips Senior House and the West 135th St Apartments.
Abreu,"Harlem Advocates for Seniors, Inc.",Senior Committee Older Adult Program - Council District 7,811966114,10000,Funding to support programming for older adults in Council District 7.
Salaam,"Harlem Presents, Inc.",Harlem Senior Center,800783830,7500,Funds to support weaving activities in a Harlem senior center.
Bottcher,"Hartley House, Inc.",HOPE Program - Council District 3,131656652,9000,Funds will support HOPE programming and services.
Menin,"Health Advocates for Older People, Inc.",,134165807,6500,"To fund the Healthy Aging Program which promotes maintenance of physical and mental health for seniors residing in Council District 5, publicly noticed through Council District 5 monthly newsletter and website."
Carr,"Health Essential Association, Inc.",,452871053,10000,Funds to be used for programming and services for seniors.
Zhuang,"Health Essential Association, Inc.",Senior Wellness Program,452871053,7500,Funding for senior wellness program in Council District 43.
Feliz,Health Insurance Plan of Greater New York,Constituent Outreach - Council District 15,131828429,10000,Funding will go towards constituent outreach and events in the district.
Aviles,"Heights and Hills, Inc.",Caregiver & Case Management Program,237237927,10000,"Funds to provide support volunteer programs, in support of the work of our Case Management and Caregiver Programs."
Restler,"Heights and Hills, Inc.",Case Management - Council District 33 Volunteer Program,237237927,5500,To provide in-home case management services in Council District 33. Page 10 Appendix A: Aging Discretionary Council Member Legal Name of Organization - Program Name Tax ID Amount Purpose of Funds
Hudson,"Heights and Hills, Inc.",Case Management Support - Council District 35,237237927,10000,Funding for volunteer programs in support of ongoing in-home case management for homebound older adults.
Joseph,"Heights and Hills, Inc.",Council District 40,237237927,5000,Funds will support programs and work to assist seniors in Council District 40.
Hanif,"Heights and Hills, Inc.",Senior Center Programming,237237927,19000,"Funds will be used to support arts and cultural programs, education and recreation, technology classes, health promotion and general operations of the center."
Restler,Helen Keller Services,Adaptive Living Program - Council District 33,111630807,5000,To support the free Adaptive Living Program (ALP) for visually impaired seniors in Council District 33.
Brannan,Helen Keller Services,Assistance & Training for Legally Blind Older Adults,111630807,5000,"To support skills based training, resource navigation, and other assistance for legally blind older adults."
Rivera,Henry Street Settlement,Henry Street Senior Services,131562242,15000,Funds will support the Henry Street Senior Center.
Yeger,"Homecrest Community Services, Inc.",,113373115,5000,"Funding to provide educational and recreational services for seniors, access and translation (Chinese-English) services, case assistance, community workshops, health and wellness promotion."
Vernikov,"Homecrest Community Services, Inc.",Homecrest Senior Center,113373115,5000,Funding to support operational expenses and social services programming for seniors at Homecrest Senior Center.
Stevens,"Hope of Israel Senior Citizens Center, Inc.",Senior Center - Council District 16,132749857,10000,Funding to support recreational activities and programming at the Hope of Israel Senior Citizens center in Council District 16.
Salamanca,"Housing Options and Geriatric Association Resources, Inc.",Senior Case Assistance Program & Golden Age Clubhouse - Council District 17,133887707,30000,To support the Senior Case Assistance Program/Golden Age Clubhouse for low income seniors in Council District 17.
Gennaro,"India Home, Inc.",,208747291,40000,"Funding will provide halal lunch, exercise, physical therapy, and yoga sessions for seniors to keep them healthy and active."
Krishnan,"India Home, Inc.",,208747291,13000,Funds will be used to support India Home's Senior Center programs as well as its services.
Williams,"India Home, Inc.",,208747291,10000,"Funds will be used to support culturally competent senior programming, home delivered meals & groceries, wellness check-up calls, virtual health and wellness activities, educational seminars, civic engagement, etc."
Adams,"India Home, Inc.",Seniors Services - Council District 28,208747291,11000,Funds will support case management and programing at senior center in Richmond Hill.
Stevens,"Institute for the Puerto Rican/Hispanic Elderly, Inc.",Arturo Schomburg Senior Center - Council District 16,132987263,15000,Funds will be used to cover the cost of running recreational activities at the IPR/HE Arturo Schomburg Senior Center in Council District 16.
Ayala,"Institute for the Puerto Rican/Hispanic Elderly, Inc.",Betances Senior Center,132987263,10000,"To provide funding for health and fitness workshops, cultural events and activities, as well as critical case assistance to seniors and families at Betances Senior Center."
Salamanca,"Institute for the Puerto Rican/Hispanic Elderly, Inc.",Bronx River Older Adult Center,132987263,30000,Funds will be used for Bronx River Older Adult Center programming.
Ayala,"Institute for the Puerto Rican/Hispanic Elderly, Inc.",Carver Senior Center,132987263,10000,Funding will provide access to critical services for seniors at Carver Senior Center. Page 11 Appendix A: Aging Discretionary Council Member Legal Name of Organization - Program Name Tax ID Amount Purpose of Funds
Krishnan,"Institute for the Puerto Rican/Hispanic Elderly, Inc.",Elmhurst/Jackson Heights Senior Center,132987263,5000,"To fund Elmhurst/Jackson Heights Senior Center’s educational and recreational programs and activities, as well as case assistance to center seniors and their caregivers."
Farias,"Institute for the Puerto Rican/Hispanic Elderly, Inc.",James Monroe Houses - Council District 18,132987263,15000,Funding to support the Health Aging Program at James Monroe Houses in Council District 18.
Won,"Jacob A. Riis Neighborhood Settlement, The",Queensbridge Older Adult Center,111729398,35000,Funding to support Queensbridge/Riis Neighborhood Senior Center.
Powers,"James Lenox House Association, Inc.",Geriatric Nurse,131624148,5000,Funding will support a Registered Nurse geriatrician who services residents two evenings weekly.
Ayala,Jewish Association for Services for the Aged (JASA),1199 NORC,132620896,5000,"To provide funding for JASA's health-related programming, which addresses chronic diseases, nutrition, and weight management."
Gutierrez,Jewish Association for Services for the Aged (JASA),Bushwick/Hylan NORC SSP,132620896,5000,To support programming for seniors at Bushwick/Hylan NORC SSP.
Brewer,Jewish Association for Services for the Aged (JASA),Club 76 Older Adult Center,132620896,5000,Funds will support JASA Club 76 Older Adult Center programming and services.
Brooks-Powers,Jewish Association for Services for the Aged (JASA),Council District 31,132620896,10000,Funding will support JASA’s socialization and intergenerational programming in Council District 31.
Brooks-Powers,Jewish Association for Services for the Aged (JASA),Digital Literacy Education - Council District 31,132620896,10000,Funding will support digital literacy education for seniors in Council District 31.
Marmorato,Jewish Association for Services for the Aged (JASA),Ginsburg Older Adult Center,132620896,5000,Funds to support programming at the Ginsburg Older Adult Center.
Narcisse,Jewish Association for Services for the Aged (JASA),HES Older Adult Center,132620896,25000,Funding to provide services and activities to older adults in Council District 46 at the HES Older Adult Center.
Lee,Jewish Association for Services for the Aged (JASA),Holliswood Older Adult Center,132620896,6000,"Funding to support senior programming, events, and activities in Holliswood Older Adult Center."
Banks,Jewish Association for Services for the Aged (JASA),JASA Community Center - Council District 42,132620896,5000,Funds will be used to support senior services programming at the JASA community center in Starrett City in Council District 42.
Banks,Jewish Association for Services for the Aged (JASA),JASA Starrett City Older Adult Center services program,132620896,5000,Funds will be used to support the operation of all senior programming conducted by the JASA Starrett City Older Adult Center Services Program.
Brannan,Jewish Association for Services for the Aged (JASA),Older Adult Services - Council District 47,132620896,10000,"To support recreational, social, and supportive programming and services for older adult residents of Council District 47."
Bottcher,Jewish Association for Services for the Aged (JASA),Penn South - Council District 3,132620896,19500,"Funds will support health and educational programs, cultural and recreational activities, counseling, referral and other related services to improve the quality of life of Penn South residents."
Salaam,Jewish Association for Services for the Aged (JASA),Riverton Square NORC-SSP,132620896,7000,To support older adults at Riverton Square NORC-SSP.
Brewer,Jewish Association for Services for the Aged (JASA),RNA House NORC - Supportive Services Program,132620896,5000,Funds will support Supportive Services Program at RNA House NORC.
Ariola,Jewish Association for Services for the Aged (JASA),Rockaway Park Older Adult Center (OAC),132620896,10000,Funds will be used to support programming and services as well as operational expenses of Rockaway Park Older Adult Center. Page 12 Appendix A: Aging Discretionary Council Member Legal Name of Organization - Program Name Tax ID Amount Purpose of Funds
Brooks-Powers,Jewish Association for Services for the Aged (JASA),Roy Reuther Older Adult Center,132620896,15000,"Funding will support virtual and in-person digital literacy classes for seniors at Roy Reuther Older Adult Center, located, in Council District 31."
Vernikov,Jewish Association for Services for the Aged (JASA),Scheur House Brighton 6th,132620896,5000,"Funding to support programs, senior outings, supplies and operating costs at Scheuer House Brighton 6."
Vernikov,Jewish Association for Services for the Aged (JASA),Senior Alliance Senior Center,132620896,10000,"Funding to support programming, activities and services at JASA Senior Alliance 161 Corbin Place."
Vernikov,Jewish Association for Services for the Aged (JASA),Senior Food Program - Council District 48,132620896,5000,Funding for home delivered meals for seniors residing in the 48th Council District.
Brewer,Jewish Association for Services for the Aged (JASA),St. Martins Tower NORC - Supportive Services Program,132620896,5000,Funds will support NORC Supportive Services Program.
Banks,Jewish Association for Services for the Aged (JASA),Starrett City Senior Center,132620896,5000,Funding to support operating expense costs for senior programming at Starrett City Senior Center.
Marmorato,Jewish Association for Services for the Aged (JASA),Throggs Neck,132620896,5000,"Funds will support senior programming, events to provide entertainment and useful information to seniors, and transportation costs for senior trips in the Throggs Neck region."
Vernikov,Jewish Association for Services for the Aged (JASA),Trumps United,132620896,5000,"Funding to support programming, activities and services at JASA Trump United."
Vernikov,Jewish Association for Services for the Aged (JASA),Warbasse Cares NORC,132620896,5000,This funding will support District 48 based senior services for JASA/Warbasse Cares NORC.
Gutierrez,Jewish Association for Services for the Aged (JASA),Williamsburg Senior Center,132620896,10000,To support programming for seniors at Williamsburg Senior Center.
Carr,"Jewish Community Center of Staten Island, Inc.",,135562256,16000,"Funds will enhance and expand current programming, including case management, referrals, nutrition, education and recreation."
Borelli,"Jewish Community Center of Staten Island, Inc.",Senior Olympics,135562256,5000,Funds will be used to support Senior Olympics.
Hanks,"Jewish Community Center of Staten Island, Inc.",Stapleton Older Adult Center,135562256,15000,Funding will support an Outreach Coordinator at the Stapleton Older Adult Center.
Narcisse,"Jewish Community Council of Greater Coney Island, Inc.",,112665181,5000,Funds to provide transportation to older adults for essential services and appointments.
Osse,"Jewish Community Council of Greater Coney Island, Inc.",,112665181,10000,Funding for Older Adult Transportation for Council District 36 seniors.
Joseph,"Jewish Community Council of Greater Coney Island, Inc.",Council District 40,112665181,5000,Fund will be used to provide transportation for older adults in Council District 40.
Vernikov,"Jewish Community Council of Greater Coney Island, Inc.",Homecare Program,112665181,20000,Funding to support the expenses related to Senior Citizen Homecare programming and Services.
Vernikov,"Jewish Community Council of Greater Coney Island, Inc.",Jay Harama Senior Center,112665181,5000,"Funding to support various programming, activities and services at Jay Harama Senior Center."
Aviles,"Jewish Community Council of Greater Coney Island, Inc.",Older Adult Transportation,112665181,10000,Funds will be used to provide transportation program support. Page 13 Appendix A: Aging Discretionary Council Member Legal Name of Organization - Program Name Tax ID Amount Purpose of Funds
Louis,"Jewish Community Council of Greater Coney Island, Inc.",Senior Citizen Program - Council District 45,112665181,5000,"Funds will be used to support our Older Adult Center programs such as educational/recreational classes, home delivered meals and congregate meals at JCCGCI Older Adult Centers."
Brannan,"Jewish Community Council of Greater Coney Island, Inc.",Senior Citizen Transportation - Council District 47,112665181,10000,To support free transportation services for older adults in Council District 47.
Vernikov,"Jewish Community Council of Greater Coney Island, Inc.",Senior Food Program,112665181,7500,"Funds to support seniors in need services, food pantry and home delivered meals program."
Vernikov,"Jewish Community Council of Greater Coney Island, Inc.",Senior Transportation Program,112665181,7500,Funding to support senior transportation program which transports seniors of medical and non-medical appointments.
Ariola,"Jewish Community Council of the Rockaway Peninsula, Inc.",Services for Holocaust Survivors,112425813,20000,Funds will be used to support Kosher Client Choice Food Pantry especially for senior clients and Holocaust survivors and to support social services coordination.
Farias,Kips Bay Boys & Girls Club,Castle Hill Senior Center,131623850,20000,Funding to continue programming at the Castle Hill Senior Center.
Ung,"Korean American Senior Citizens Society of Greater New York, Inc.",Korean American Senior Services,112455396,5000,To support Korean American senior case assistance and senior programming for residents in Council District 20.
Paladino,"Korean Community Services of Metropolitan New York, Inc.",Social Service Program,237348989,10000,Funds will support expenses for social adult day care in Council District 19.
Gutierrez,"La Nueva Esperanza, Inc.",Senior Support - Council District 34,204393724,10000,To provide services to seniors suffering with substance abuse and/or HIV/AIDS.
Menin,"Lenox Hill Neighborhood House, Inc.",,131628180,17500,"To support the East Side Case Management Consortium, the Center at Lenox Hill Neighborhood House and the Support Our Seniors programing."
Powers,"Lenox Hill Neighborhood House, Inc.",Senior Center at Saint Peter's Church,131628180,15000,"Funding will support the Senior Center at Saint Peter's Church, which serves seniors annually with diverse meal, intellectual, health, and social programs."
Powers,"Lenox Hill Neighborhood House, Inc.",Senior Transportation,131628180,5000,Funding will support transportation for seniors to programs at the Center.
Joseph,Life of Hope,Council District 40,205252137,5000,Fund will be used to provide to health and wellness services to older adults in Council District 40.
Carr,"Lifestyles for the Disabled, Inc.",,133740011,8000,"Funding will be used for the operational costs to provide meals, movie nights, art classes, and other entertaining activities throughout the year to Staten Island seniors."
Borelli,"Lifestyles for the Disabled, Inc.",Horticulture Program,133740011,12500,This funding will support district based senior services.
Hanks,"Lifestyles for the Disabled, Inc.",Serving Our Seniors,133740011,10000,Funding will support the Serving Our Seniors program in Council District 49.
Holden,"Maspeth Town Hall, Inc.",Senior Programming,237259702,10000,"Funds to be used for staff support, programming, activities for seniors in Council District 30."
Carr,"Meals on Wheels of Staten Island, Inc.",,132894978,10000,Funds will be used to help support the Meals on Wheel Nutrition Services.
Lee,"Medicare Rights Center, Inc.",,133505372,5000,To fund Town Hall Enrollment and Outreach in Council District 23.
Salaam,"Medicare Rights Center, Inc.",,133505372,5000,"To provide services to Medicare enrolled elderly, as well as those who want to enroll in Medicare."
Salaam,"Medicare Rights Center, Inc.",,133505372,5000,"To provide services to Medicare enrolled elderly, as well as those who want to enroll in Medicare. Page 14 Appendix A: Aging Discretionary Council Member Legal Name of Organization - Program Name Tax ID Amount Purpose of Funds"
Powers,"Medicare Rights Center, Inc.",Council District 4,133505372,5000,Funding will support community presentations in Council District 4 about how to access and enroll in Medicare programs.
Brewer,"Medicare Rights Center, Inc.",Education & Enrollment Program,133505372,5000,Funds will support the Education & Enrollment Program and services in Council District 6.
Brannan,"Medicare Rights Center, Inc.",Medicare Counseling & Enrollment Assistance - Council District 47,133505372,5000,To support Medicare enrollment assistance and counselling/advice for Council District 47 residents.
Bottcher,"Medicare Rights Center, Inc.",Medicare Education & Enrollment Services - Council District 3,133505372,5000,Funding to support Medicare Education and Enrollment services.
Hudson,"Medicare Rights Center, Inc.",Medicare Education & Enrollment Virtual Town Hall - Council District 35,133505372,5000,To fund Medicare education town halls in Council District 35.
Williams,"Merrill Park Civic Association of Springfield Gardens, Inc.",,112304928,5000,Funds will be used to support the cost associated with senior programming.
Borelli,"Metropolitan New York Coordinating Council on Jewish Poverty, Inc.",,132738818,15000,Funding to senior home repair program for Council District 51 constituents.
Krishnan,"Metropolitan New York Coordinating Council on Jewish Poverty, Inc.",,132738818,10000,"Funding for case workers to assist senior clients facing evictions, medical payments and various other services for seniors."
Feliz,"Metropolitan New York Coordinating Council on Jewish Poverty, Inc.",Food Distribution - Council District 15,132738818,15000,Funds will support meal distribution events and social services.
Ung,"Metropolitan New York Coordinating Council on Jewish Poverty, Inc.",Senior Repair Program - Council District 20,132738818,5000,To provide free handyman services and home repairs for low-income older adults in Council District 20.
Marmorato,"Metropolitan New York Coordinating Council on Jewish Poverty, Inc.",SenioRepair Program - Council District 13,132738818,5000,Funding to support the SenioRepair program.
Brannan,"Metropolitan New York Coordinating Council on Jewish Poverty, Inc.",Social Services - Council District 47,132738818,7500,To support Met Council's social services and assistance.
Restler,"Metropolitan New York Coordinating Council on Jewish Poverty, Inc.",Social Services for Older Adults - Council District 33,132738818,6000,To provide social services for seniors in Council District 33.
Ariola,"Metropolitan New York Coordinating Council on Jewish Poverty, Inc.",Social Services Program,132738818,17500,This funding will support district based senior services.
Abreu,"Metropolitan New York Coordinating Council on Jewish Poverty, Inc.",Social Services Program - Council District 7,132738818,7500,"Funding to support senior clients secure government benefits and entitlements, including counseling, financial assistance and emergency food in Council District 7."
Brewer,"Migrant Kitchen Incorporated, The",Meal Distributions - Council District 6,850592518,5000,Funds will support meal distributions to seniors who are facing food insecurity in Council District 6.
Abreu,"Morningside Retirement and Health Services, Inc.",NORC Program - Council District 7,136206256,12500,Funding to support the Morningside Retirement and Health Services NORC program. Page 15 Appendix A: Aging Discretionary Council Member Legal Name of Organization - Program Name Tax ID Amount Purpose of Funds
Sanchez,"Morris Heights Health Center, Inc.",Community Wellness,061081232,20000,"To support community engagement at MHHC's senior housing complex through transportation, trips and community events for Morris Heights seniors."
Marmorato,"Morris Park Community Association, Inc.",,237429900,5000,To support the aging populations of Morris Park through food security and senior programming.
De La Rosa,"Mosholu-Montefiore Community Center, Inc.",Marble Hill Senior Citizen Center,133622107,10000,To support programming at the Marble Hill Senior Center.
Dinowitz,"Mosholu-Montefiore Community Center, Inc.",Older Adult Center - Council District 11,133622107,25000,"Funding to support programming activities for older adults, including special events, trips, program marketing, consultants to facilitate activities to seniors, incentives for recruitment and retention for seniors and staffing."
Menin,Moving For Life,,465251831,7500,Funding will support an adult exercise and movement program within Council District 5.
Menin,Moving For Life,,465251831,7000,To support a Senior Fitness classes weekly in John Jay Park in City Council District 5 for fall and spring that introduce seniors to athletic activities in a supportive and social environment.
Abreu,Moving For Life,Exercise for Health - Council District 7,465251831,7000,Funding to support Moving for Life programming in Council District 7.
Hanks,"Mt. Sinai Center for Community Enrichment, Inc.",Senior Day Care,134082027,20000,Funding will support the Senior Day Care program in Council District 49.
Yeger,"Nachas Health and Family Network, Inc.",,113067201,5000,"Funds will support a comprehensive senior program, including detailed case management sessions resulting in entitlement procurement, including client prescreening, etc."
Salaam,"National Jazz Museum in Harlem, The",Council District 9,133853627,8500,To provide services consisting of entertainment and education to older adults in Council District 9.
Krishnan,"Neighborhood Housing Services of Queens CDC, Inc.",,471267077,5000,To fund informational programming about home ownership and senior citizens assistance programs.
Marmorato,Neighborhood Initiatives Development Corporation (NIDC),,133110811,5000,Funds to support senior programming at Congregation Sons of Israel with Rabbi Fuchs.
Salamanca,"Neighborhood Self Help by Older Persons Project, Inc.",Casa Boricua Senior Center - Council District 17,133077047,15000,Funds will support senior activities and events at Casa Boricua Senior Center.
Farias,"Neighborhood Self Help by Older Persons Project, Inc.",Lafayette Estates NORC - Council District 18,133077047,15000,"Funding to provide educational, socialization, and health and wellness programs at the Lafayette Estates NORC in Council District 18."
Salaam,"New Economy Project, Inc.",,133842270,8500,To provide legal assistance and know-your-rights programs to older adults.
Carr,"New York City Verrazano 10-13 Association, Inc.",,134151778,5000,"Funds will be used to support free workshops, marketing material and general operating expenses for the senior safety & security workshops."
Borelli,"New York City Verrazano 10-13 Association, Inc.",Senior Programs - Council District 51,134151778,5000,Funding to support senior programs in Council District 51.
Menin,"New York Foundation for Senior Citizens, Inc.",,132618568,10000,"To support the Home Sharing and Respite Care Program for residents in Council District 5, publicly noticed through Council District 5 monthly newsletter and website."
Rivera,"New York Foundation for Senior Citizens, Inc.",Council District 2,132618568,10000,Funds will support New York Foundation for Senior Citizens programs and operations in Council District 2. Page 16 Appendix A: Aging Discretionary Council Member Legal Name of Organization - Program Name Tax ID Amount Purpose of Funds
Powers,"New York Foundation for Senior Citizens, Inc.",Council District 4,132618568,5000,"Funding will support the Home Sharing and Respite Care program, which provides home care assistance to seniors in Council District 4."
De La Rosa,"New York Foundation for Senior Citizens, Inc.",Dyckman Senior Center,132618568,15000,To support programming at the Dyckman Senior Center.
Brewer,"New York Foundation for Senior Citizens, Inc.",Home Sharing & Respite Care Program,132618568,5000,Funds will support the Home Sharing and Respite Care program.
Marte,"New York Foundation for Senior Citizens, Inc.",LaGuardia Senior Center,132618568,8500,"The funds requested will be used to WiFi the centers, which will enhance and expand LaGuardia Senior Center's health promotion, social and recreational programs and services."
Marte,"New York Foundation for Senior Citizens, Inc.",Mott Street Senior Center,132618568,7500,"The funds requested will be used to WiFi the centers, which will enhance and expand Mott Street Senior Center's health promotion, social and recreational programs and services."
Holden,"New York Irish Center, Inc.",Senior Programming,550869151,5000,Funds to be used to support programs and services for seniors.
Won,"New York Irish Center, Inc.",Senior Wellness & Socialization Program,550869151,20000,Funding will supplement activities and programming for seniors.
Narcisse,"New York Lawyers for the Public Interest, Inc.",,132860703,5000,Funds will be used to provide services to older adults in the Council District 46.
Holden,"Newtown (Italian) Senior Citizens Center, Inc.",Senior Programming & Services,112308129,10000,"Funding to support senior services, programming & activities in Council District 30."
Aviles,"NIA Community Services Network, Inc.","Comprehensive Senior Recreation, Assistance & Support Services",112697931,5000,Funds will be used to provide comprehensive services for seniors.
Brannan,"NIA Community Services Network, Inc.",Programming & Assistance for Seniors - Council District 47,112697931,31000,"To support NIA's recreational, assistance, and support services."
Borelli,"Noble Maritime Collection, The",,133351673,10000,Funding will support arts programming and support for seniors in Council District 51.
Marmorato,"North East Bronx Senior Citizens Center, Inc.",,132759045,25000,"To provide physical activities, healthy food, and social events for seniors in the Northeast Bronx."
Vernikov,"Ohel Children's Home and Family Services, Inc.",,116078704,5000,Funding to support a variety of district based senior services.
Hanif,"Older Adults Technology Services (OATS), Inc.",,550882599,7500,Funds will support free intensive and high-quality technology trainings aimed at closing the digital divide and connecting seniors aged 60+.
Joseph,"Older Adults Technology Services (OATS), Inc.",Council District 40,550882599,5000,Fund will be used by OATS to offer access to an intensive and high-quality technology trainings aimed at closing the digital divide and connecting seniors aged 60 and plus.
Menin,"Older Adults Technology Services (OATS), Inc.",Council District 5,550882599,10000,"To fund a free community-based programming for older adults including technology- training and certification classes, workshops & special events, where laptops and internet connections (where necessary) are brought to senior centers in Council District 5."
Gutierrez,"Older Adults Technology Services (OATS), Inc.",Digital/Virtual Literacy & Technology Training - Council District 34 Older Adults,550882599,5000,Funding will support Digital/Virtual Literacy and Technology Training for Older Adults in Council District 34. Page 17 Appendix A: Aging Discretionary Council Member Legal Name of Organization - Program Name Tax ID Amount Purpose of Funds
Mealy,"Older Adults Technology Services (OATS), Inc.",Mt. Ararat Senior Center,550882599,10000,Funds will support Digital/Virtual Literacy and Technology Training for older adults.
Bottcher,"Older Adults Technology Services (OATS), Inc.",Trainings - Council District 3,550882599,5000,Funds will provide free intensive and high-quality technology trainings for older adults.
Gutierrez,"Peter Cardella Senior Citizen Center, Inc.",Meals on Wheels,112328536,10000,Funding will support Meals on Wheels at Senior Center.
Gutierrez,"Peter Cardella Senior Citizen Center, Inc.",Senior Center Operations,112328536,5000,"Funding will support for facility maintenance/operation, escalating costs of utilities, insurance, food, transportation costs, and office and ed/rec supplies associated with operating a multi-service older adult center."
Holden,"Peter Cardella Senior Citizen Center, Inc.",Senior Programming,112328536,20000,"Funding to support the lunch program, entitlement and benefit case assistance, info/referral services, education, recreation, health promotion and socialization programs."
Powers,"Phipps Neighborhoods, Inc.",,132707665,5000,Funds will support the Phipps NORC's programs and operations.
Rivera,"Phipps Neighborhoods, Inc.",Phipps NORC,132707665,10000,Funds will support the Phipps NORC's programs and operations.
Feliz,"Phipps Neighborhoods, Inc.",West Farms Senior Program,132707665,20000,Funds will support Phipps Neighborhoods Senior Program at West Farms.
Restler,"Polish and Slavic Center, Inc.",Council District 33,112285970,23500,This funding will support district based senior services.
Holden,"Polonians Organized to Minister to Our Community, Inc.",Senior Programming & Services,112594500,10000,"Funds to be used to support counseling, advocacy and individual bilingual assistance to those with social and immigration related issues."
Marmorato,"Presbyterian Senior Services, Inc.",City Island Older Adult Center,131981482,10000,Funds will support senior programming at the senior center on City Island.
Stevens,"Presbyterian Senior Services, Inc.",Highbridge Gardens Senior Center - Council District 16,131981482,15000,"Funding to support senior programming, activities and services at The PSS Highbridge Gardens Senior Center including congregate meals, classes/workshops, and related supplies and materials in Council District 16."
Stevens,"Presbyterian Senior Services, Inc.",Highbridge Senior Center - Council District 16,131981482,20000,"Funding to support senior programming, trips, activities and services at The PSS Highbridge Center including congregate meals, classes/workshops, and related supplies and materials in Council District 16."
Salamanca,"Presbyterian Senior Services, Inc.",Jackson & Davidson Senior Centers - Council District 17,131981482,20000,Funding to support senior services at PSS Jackson and Davidson Centers.
Abreu,"Presbyterian Senior Services, Inc.",Manhattanville Senior Center- Council District 7,131981482,10000,Funding to support services at the Manhattanville Senior Center.
Marmorato,"Preston Center of Compassion, Inc.",,571180937,10000,"To provide outreach to seniors and in person social events include bingo, health screenings, and other informational sessions."
Gennaro,"Queens Community House, Inc.",,112375583,5000,Funding will be used to cover the cost associated with running Senior focused events in Council District 24.
Krishnan,"Queens Community House, Inc.",Arts Programming - Queens Center,112375583,8000,To fund intergenerational arts programming at Queens Center for Gay Seniors.
Krishnan,"Queens Community House, Inc.",Senior Programming,112375583,22000,"To maintain staffing to assist senior clients, to assist with transportation, and to provide case management and assistance. Page 18 Appendix A: Aging Discretionary Council Member Legal Name of Organization - Program Name Tax ID Amount Purpose of Funds"
Schulman,"Queens Community House, Inc.",Supporting Seniors,112375583,11000,"Funds will support various wellness programs/services at Council District 29 centers for senior citizens; including Rego Park Older Adult Center, Forest Hills Older Adult Center, Kew Gardens Older Adult Center and Forest Hills NORC."
Adams,"Queens Interagency Council on the Aging, Inc.",Seniors Services - Council District 28,112744700,5000,Funds will support the agency's meeting costs and outreach efforts.
Ariola,"Queens Jewish Community Council, Inc.",,237172152,5000,"Funds will be used to provide senior services, meals-on-wheels and senior programming."
Gennaro,"Queens Jewish Community Council, Inc.",,237172152,29000,Funding to support senior programming including intervention and immigrant services.
Paladino,"Queens Jewish Community Council, Inc.",Senior Services,237172152,5000,"Funding to support services/programming for citizenship, green card, and medical insurance in Council District 19."
Lee,"Queensboro Council for Social Welfare, Inc.",,111817497,5000,Funds will be used to support QCSW services to Council District 23 seniors.
Holden,Rabbi Israel Meyer HaKohen Rabbinical Seminary of America,Middle Village Adult Center Senior,111752021,20000,Funds to be used for operating expenses of programs and services at the Middle Village Adult Center.
Riley,"Regional Aid for Interim Needs, Inc.",Boston East Neighborhood Senior Center,136213586,25000,Funds to be used to operate the R.A.I.N Boston East Neighborhood Senior Center.
Riley,"Regional Aid for Interim Needs, Inc.",Boston Secor Neighborhood Senior Center,136213586,27000,Funds to be used for the R.A.I.N Boston Secor Neighborhood Senior Center.
Riley,"Regional Aid for Interim Needs, Inc.",Eastchester Neighborhood Senior Center,136213586,27000,Funds to be used for the R.A.I.N Eastchester Neighborhood Senior Center.
Stevens,"Regional Aid for Interim Needs, Inc.",Findlay House Senior Program,136213586,10000,The funding will be used to provide supplemental social and recreational activities at the Findlay House Senior Center.
Riley,"Regional Aid for Interim Needs, Inc.",Gunhill Neighborhood Senior Center,136213586,31000,Funds to be used to operate the R.A.I.N Gunhill Neighborhood Senior Center.
De La Rosa,"Regional Aid for Interim Needs, Inc.",Inwood Older Adult Center,136213586,15000,To support senior programming at RAIN Senior Center.
Marmorato,"Regional Aid for Interim Needs, Inc.",Morris Park Neighborhood,136213586,10000,To support hot meal mobile distribution to seniors in the Morris Park neighborhood.
Feliz,"Regional Aid for Interim Needs, Inc.",Mt. Carmel Neighborhood Senior Center,136213586,25000,Funds will support R.A.I.N. programming at Mt. Carmel Neighborhood Senior Center.
Dinowitz,"Regional Aid for Interim Needs, Inc.",R.A.I.N. Nereid Older Adult Center - Council District 11,136213586,10000,Funding to support the operating expenses of the senior center programming and activities.
Holden,"Ridgewood Older Adult Center and Services, Inc.",Senior Programming & Services,050607283,10000,Funds to be used to support programs and services for seniors in Council District 30.
Gutierrez,"Riseboro Community Partnership, Inc.",Borinquen Plaza Senior Center,112453853,9000,To support programming for seniors at Borinquen Plaza Senior Center.
Mealy,"Riseboro Community Partnership, Inc.",Brevoort Senior Center,112453853,5000,"Funding to enhance educational and health promotion services, to organize trips and special events for older adults."
Gutierrez,"Riseboro Community Partnership, Inc.",Diana H. Jones Senior Center,112453853,5000,To support senior programming and trips at the Diana H. Jones Senior Center. Page 19 Appendix A: Aging Discretionary Council Member Legal Name of Organization - Program Name Tax ID Amount Purpose of Funds
Nurse,"Riseboro Community Partnership, Inc.",Hope Gardens Senior Center,112453853,25000,Funds will be used for senior programming at and general operational support for the Riseboro Hope Gardens Senior Center.
Nurse,"Riseboro Community Partnership, Inc.",Palmetto Gardens Senior Club,112453853,10000,"Funds will support senior programming, services, and operational support for the Palmetto Gardens Senior Club."
Nurse,"Riseboro Community Partnership, Inc.",Roundtable Senior Center,112453853,10000,"Funds will support senior programming, services, and operational support for the Roundtable Senior Center."
Mealy,"Riseboro Community Partnership, Inc.",Saratoga Square,112453853,5000,"Funding to enhance educational and health promotion services, to organize trips and special events for seniors."
Nurse,"Riseboro Community Partnership, Inc.",Stanhope Senior Center,112453853,15000,Funds will be used for senior programming at and general operational support for the Riseboro Senior Center at Stanhope.
Osse,"Riseboro Community Partnership, Inc.",Stuyvesant Gardens Senior Club,112453853,10000,Funding for Stuyvesant Gardens Senior Club programming and services.
Dinowitz,"Riverdale Senior Services, Inc.",Older Adults Take Charge of Wellness,237357997,25000,"Funding to support RSS' Take Charge of Wellness Program, which provides education and informative lectures on the promotion of health, nutrition literacy and counseling connecting the impact of dietary choices on health."
Abreu,"Riverstone Senior Life Services, Inc.",Riverstone Memory Center - Council District 7,133355074,10000,Funding to support Riverstone Memory Senior Center programming.
De La Rosa,"Riverstone Senior Life Services, Inc.",Riverstone's Memory Center,133355074,18000,To support Riverstone Memory's Center operation and programming
Adams,"Rochdale Village Social Services, Inc.",Senior Services,113397470,45000,Funds will support food and recreational programming at the Center.
Zhuang,"Salvation Army, The",Bensonhurst Corps Senior Center,135562351,5000,"Funding for the Salvation Army Bensonhurst Corps Senior Center. Activities include health and wellness, meals, and a music program."
Won,"Samaritan Daytop Village, Inc.",Woodside Senior Center,112635374,10000,"Funding supports initiatives such as: healthy initiatives, physical fitness, senior trips and senior programming."
Paladino,"Samuel Field YM & YWHA, Inc.",Bay Terrace Senior Program,113071518,10000,"Funds will be used to help older adults to live healthy, fulfilling and socially connected lives within their home communities."
Paladino,"Samuel Field YM & YWHA, Inc.",Clearview Assistance Program,113071518,10000,Funding will help support the Clearview Assistance Program in Council District 19.
Paladino,"Samuel Field YM & YWHA, Inc.",Senior Transportation,113071518,15000,"The program will provide seniors over the age of sixty who reside in the greater Clearview, Whitestone, Le Harve, Bay Terrace, and Flushing Communities with dedicated transportation service-in Council District 19."
Bottcher,"Say Ah!, Inc.",Council District 3,208663409,7500,To provide evidence-based health literacy workshops and support to older adults residing in Council District 3.
Yeger,"SBH Community Service Network, Inc.",,237406410,20000,Funds will be used to support case assistance services provided to individuals 60 years of age and older.
Brannan,"SBH Community Service Network, Inc.",Mental Health Services for Older Adults - Council District 47,237406410,6500,Funds to support mental health services for older adults in Council District 47.
Menin,"Search and Care, Inc.",,237444790,10000,"To provide comprehensive fee-free care management services for vulnerable older men and women living in Council District 5, publicly noticed through Council District 5 monthly newsletter and website. Page 20 Appendix A: Aging Discretionary Council Member Legal Name of Organization - Program Name Tax ID Amount Purpose of Funds"
Powers,"Search and Care, Inc.",,237444790,5000,Funding will support Search and Care's core care management services to assist and advocate for the elderly living on the East Side.
Ayala,"Search and Care, Inc.",General Operating Support,237444790,5000,To support general operating support for case management and support services.
Brewer,"Search and Care, Inc.",Supportive Services for Older Adults,237444790,10000,Funds will provide supportive services for vulnerable older adults.
Krishnan,"Selfhelp Community Services, Inc.",,131624178,19500,"To maintain staffing to assist senior clients, to assist with transportation, and to provide case management and assistance."
Paladino,"Selfhelp Community Services, Inc.",Alzheimers Resource Program (SHARP),131624178,10000,"Funding will support the operation of programs offered such as adult day care, SHARP and transportation for clients in Council District 19."
Ung,"Selfhelp Community Services, Inc.",Benjamin Rosenthal-Prince Street Innovative Senior Center,131624178,19000,"To fund programming at the Benjamin Rosenthal-Prince Street Senior Center, including technology education classes, social and health classes, and transportation for seniors."
Caban,"Selfhelp Community Services, Inc.",Boulevard Gardens NORC,131624178,11000,Funds will be used to defray the cost of office management and programming at Selfhelp Boulevard Gardens NORC.
Ung,"Selfhelp Community Services, Inc.",Latimer Gardens Senior Center,131624178,9000,"To fund senior center classes and activities at Latimer Gardens Senior Center, and other programming to reduce isolation."
Ung,"Selfhelp Community Services, Inc.",Medical Transportation for Seniors - Council District 20,131624178,16500,To provide transportation to local medical appointments for seniors living in Council District 20.
Holden,"Selfhelp Community Services, Inc.",Senior Programming & Services - Maspeth,131624178,20000,Funds will be used to support district based senior services at Maspeth.
Schulman,"Selfhelp Community Services, Inc.",Senior Transportation - Council District 29,131624178,15000,To provide transportation to local medical appointments for seniors living in Council District 29.
Ariola,"Selfhelp Community Services, Inc.",Senior Transportation - Council District 32 Glendale,131624178,10000,Funds will be used to provide transportation to medical appointments for seniors in Glendale.
Paladino,"Selfhelp Community Services, Inc.",Virtual Senior Center,131624178,5000,Funds will be used to support Virtual Senior Center.
Schulman,"Selfhelp Community Services, Inc.",Virtual Senior Center - Council District 29,131624178,34000,"Funds will support Selfhelp's Virtual Senior Center (VSC), an online community for socially isolated and home-bound older adults."
Powers,"Service Program for Older People (SPOP), Inc.",Council District 4,132947616,5000,"Funding will support mental health counseling for seniors at satellite clinics in Council District 4, as well as for seniors who are homebound."
Brewer,"Service Program for Older People (SPOP), Inc.",Mental Healthcare for Vulnerable Older Adults,132947616,10000,Funds will support mental healthcare for vulnerable older adults in Council District 6.
Abreu,"Service Program for Older People (SPOP), Inc.",Mental Healthcare Services Program - Council District 7,132947616,10000,Funding for mental healthcare services for adults age 55 and older provided in Council District 7 (at Red Oak and Riverstone) and via telehealth.
Hanif,"Services And Advocacy For Gay, Lesbian, Bisexual And Transgender Elders, Inc.",,132947657,7000,Funds will support programming and services for LGBTQ+ and HIV-affected elders.
Bottcher,"Services And Advocacy For Gay, Lesbian, Bisexual And Transgender Elders, Inc.",Edie Windsor SAGE Center - Council District 3,132947657,7000,Funds will support programming and services for LGBTQ+ and HIV-affected elders at the Edie Windsor SAGE Center in Council District 3. Page 21 Appendix A: Aging Discretionary Council Member Legal Name of Organization - Program Name Tax ID Amount Purpose of Funds
Sanchez,"Services And Advocacy For Gay, Lesbian, Bisexual And Transgender Elders, Inc.",LGBTQIA+ Older Adults Services - Council District 14,132947657,10000,"Funds will support services, advocacy for gay, lesbian, bisexual and transgender elders from Council District 14."
Powers,"Services And Advocacy For Gay, Lesbian, Bisexual And Transgender Elders, Inc.",The SAGE Center,132947657,5000,"Funding will support services at The SAGE Center, including employment assistance, legal and financial planning, cultural and educational programs, health and wellness programs, benefit counseling, cancer support groups, and congregate meals."
Lee,"Services Now for Adult Persons (SNAP), Inc.",,112591783,63000,"To support SNAP of Eastern Queens Innovative Senior Center, Transportation, Case Management, Meals-On-Wheels and Caregiver Services."
Williams,"Services Now for Adult Persons (SNAP), Inc.",Brookville Center,112591783,10000,"Funding will enable the continuation and enhancement of SNAP's broad array of services for seniors at the Brookville center. Services include case management, meals- on-wheels, caregiver support, and transportation."
Brooks-Powers,"Services Now for Adult Persons (SNAP), Inc.",Council District 31,112591783,20000,"Funding to support senior socialization programming, meal delivery and caregiver services in Council District 31."
Paladino,"Services Now for Adult Persons (SNAP), Inc.",Eastern Queens Innovative Senior Center,112591783,10000,"Funding will support operating expenses, programs, and services for SNAP in Council District 19."
Salaam,"SHARE: Self-Help for Women with Breast or Ovarian Cancer, Inc.",,133131914,10000,"To provide life saving education about cancer among women, especially older women of color."
Krishnan,South Asian Council for Social Services,,113632920,18500,"To support core community programs including healthcare access, education and benefits, senior services, and food pantry programs."
Ung,South Asian Council for Social Services,Community Services,113632920,6000,"To support operational costs for senior programming that connects undeserved, low- income immigrants and families with vital services, including securing health coverage, food access, senior services, and ESOL and computer classes."
Williams,South Asian Council for Social Services,Queens,113632920,5000,Funding to support expenses related to interactive educational workshops on topics related to healthy aging and senior living in South Asian languages is provided at SACSS office and senior / community centers in Queens.
Ung,South Asian Council for Social Services,Senior Support Services,113632920,15500,"To assist with operational costs for senior-related programming, including case management, meals, technical assistance, and other culturally relevant recreational activities."
Borelli,South Shore Artists Foundation,Senior Programs - Council District 51,842895424,5000,Funding will support senior arts programming and their operational costs in Council District 51.
Gutierrez,Southside United Housing Development Fund Corporation,Older Adults Wellness Program - Los Sures David Santiago Senior Center,112268359,34000,"The funding will be used to provide operational support, including consultants, office technology, supplies, and office infrastructure to enhance Older Adult Wellness programming at the Los Sures David Santiago Senior Center."
Caban,Spanish Speaking Elderly Council,RAICES - Astoria Neighborhood Senior Center,112730462,13000,Funds will be used for operating costs at the RAICES Astoria Neighborhood Senior Center.
Hanif,Spanish Speaking Elderly Council,RAICES - Gowanus Houses,112730462,20000,To support senior programming at Gowanus Houses. Page 22 Appendix A: Aging Discretionary Council Member Legal Name of Organization - Program Name Tax ID Amount Purpose of Funds
Aviles,Spanish Speaking Elderly Council,RAICES - Red Hook Senior Center,112730462,25000,Funds will be used to provide senior center programming for Red Hook Senior Center.
Moya,Spanish Speaking Elderly Council,RAICES - Senior Center - Corona,112730462,50000,To fund programming at the RAICES Senior Center in Corona.
Hanif,Spanish Speaking Elderly Council,RAICES - Wyckoff Gardens,112730462,20000,To support senior programming at Wyckoff Gardens.
Yeger,St. Athanasius Golden Age Club,,111639837,18000,Requested funds will be used to support the weekly meetings and various activities for seniors of St. Athanasius Golden Age Club.
Zhuang,St. Athanasius Golden Age Club,Senior Services,111639837,10000,"Funding for community senior center. Activities include weekly games, coffee and snacks."
Ariola,St. Camillus Golden Age,Golden Age Club,111674392,5000,"Funds will support the Golden Age Club, including hosting meetings, special events, senior peer counseling, community updates and information on senior services."
Zhuang,St. Ephrem Roman Catholic Church,Senior Services,111666884,5000,"Funding for community senior center. Activities include weekly games, coffee and snacks."
Joseph,St. Gabriel's Episcopal Church,Educational Recreation & Creativity - Council District 40,112463892,20000,"Funds will support congregate meals daily, arts/craft, health management, and other supportive senior services."
Gutierrez,St. Nick's Alliance Corporation,Cooper Park Senior Center,510192170,5000,Funding will support programming for seniors at Cooper Park Senior Center.
Gutierrez,St. Nick's Alliance Corporation,Seniors Programs - East Williamsburg,510192170,7000,"To support Leadership, recreational, and educational activities for seniors in East Williamsburg."
Joseph,"St. Vincent's Services, Inc.",Council District 40,111631823,5000,Fund will be used by HSVS Article 31 Mental Health Clinic to provide evidence-based mental health services and non-traditional art therapy seniors.
Menin,"Stanley M. Isaacs Neighborhood Center, Inc.",,132572034,11500,"To fund senior services in support of wellness, nutrition, and fitness activities."
Borelli,"Staten Island Community Services Friendship Clubs, Inc.",Great Kills Friendship Club Senior Services,132778244,20000,Funding to support programming and services at Great Kills Friendship Club.
Borelli,"Staten Island Community Services Friendship Clubs, Inc.",Mt. Loretto Friendship Club Senior Services,132778244,20000,Funding to support programming and services at Mt. Loretto Friendship Club.
Carr,"Staten Island Community Services Friendship Clubs, Inc.",New Dorp Beach Friendship Club,132778244,35000,Funds will be used for general operating expenses for New Dorp Beach Friendship Club.
Hanks,"Staten Island Community Services Friendship Clubs, Inc.",Todt Hill Friendship Club,132778244,15000,Funding will support senior services and the Todt Hill Friendship Club.
Rivera,"Stein Senior Center, Inc.",,237378342,15000,Funds will support Stein Senior Center's programs and operations.
Powers,"Stein Senior Center, Inc.",Senior Services - Council District 4,237378342,15000,Funding will support senior services at the Stein Senior Center.
Krishnan,"Sunnyside Community Services, Inc.",,510189327,9000,"To fund an integrated continuum of senior services, which include senior center, case assistance and management, social adult day services, caregivers program, health programs, and visiting program. Page 23 Appendix A: Aging Discretionary Council Member Legal Name of Organization - Program Name Tax ID Amount Purpose of Funds"
Won,"Sunnyside Community Services, Inc.",Senior Services - Council District 26,510189327,25000,Funding will support senior services in Council District 26.
Paladino,"Taiwan Center, Inc.",Taiwanese American Senior Center,112857501,5000,Funds will support programs at Taiwan Center.
Ung,"Taiwan Center, Inc.",Taiwanese American Senior Center,112857501,15000,"To fund program-related expenses for the senior center, including class materials, office supplies, utilities, and printing expenses."
Ayala,Terence Cardinal Cooke Health Care Center,Music Therapy,133007801,10000,"Funding will support holistic health care that promotes physical, social and emotional well-being for nursing home residents."
Williams,"Tropicalfete, Inc.",,452940435,15000,"Funds will be used for Paint and sip, chair yoga, live entertainment for seniors."
Ayala,"Union Settlement Association, Inc.",Senior Services - Healthy Aging,131632530,20000,"To fund programs and initiatives related to the health of seniors at Corsi, Jefferson, Gaylord White and Washington/Lex Sr. Senior Centers."
Marte,"United Jewish Council of the East Side, Inc.",Adult Luncheon Club,132735378,5000,Funding to support a comprehensive activities program at the UJC Adult Luncheon Club targeting the physical and mental needs of seniors in the community.
Rivera,"United Jewish Council of the East Side, Inc.",Lillian Wald Senior Center,132735378,20000,Funds will support UJC's programs and operations at Lillian Wald Senior Center.
Restler,"United Jewish Organizations of Williamsburg, Inc.",Benefits Assistance,112728233,50000,"To assist low income individuals to apply and obtain public benefits including food stamps, SSI, Medicare, Medicaid, Social Security, health insurance, Section 8, emergency food vouchers & packages, and legal assistance."
Aviles,"United Senior Citizens Center of Sunset Park, Inc.",Older Adult Clubs & Programs,112358277,15000,Funds will be used to purchase exercise equipment for seniors.
Marte,"University Settlement Society of New York, Inc.",Neighborhood Center & HeART,135562374,7000,"Funding will be used to cover program costs associated with health, wellness, and enrichment activities, as well as connections to social services."
Salamanca,"Urban Health Plan, Inc.",Senior Food Pantry - Council District 17,237360305,15000,Funding to support nourishment programs for seniors (senior food pantry).
Brooks-Powers,"Vets, Inc.",Council District 31,272280570,5000,Funding to support Technology training and education for veteran community in Council District 31.
Marte,"Vision Urbana, Inc.",Elder Abuse & Mental Health Initiative,133848575,10000,"The funds requested will be used to address issues related to elder abuse ranging from physical, verbal, mental, identity theft and financial exploitation."
Lee,VISIONS/Services for the Blind and Visually Impaired,,131624210,5000,Funds will subsidize VISIONS' services for Council District 23 residents.
Menin,VISIONS/Services for the Blind and Visually Impaired,,131624210,8000,Funds will be used to send staff to people's houses within the district to teach them self sufficiency skills to cope with visual impairment.
Paladino,VISIONS/Services for the Blind and Visually Impaired,,131624210,5000,Funding will support services and outreach are targeted for older persons who are blind and/or have multiple disabilities. Page 24 Appendix A: Aging Discretionary Council Member Legal Name of Organization - Program Name Tax ID Amount Purpose of Funds
Powers,VISIONS/Services for the Blind and Visually Impaired,,131624210,5000,"Funding will support VISIONS multilingual vision education and outreach programs for blind and visually impaired seniors, which includes community outreach, vision rehabilitation, mobility training and social and professional support."
Hanks,VISIONS/Services for the Blind and Visually Impaired,Blindline Information & Referral System,131624210,10000,Funding will support the Blindline Information and Referral System for seniors in the 49th Council District.
Bottcher,VISIONS/Services for the Blind and Visually Impaired,Council District 3,131624210,5000,"Funds will provide training, services and outreach are targeted for older persons and immigrants speaking languages other than English."
Rivera,"Visiting Neighbors, Inc.",,237379098,5000,Funds will support Visiting Neighbors programs and operation.
Menin,"Vocal Ease, Inc.",,371469320,7000,"To fund the production of on-site cabaret-style performances for senior citizens at hospitals, nursing homes, senior centers and senior residences in Council District 5."
Powers,"Vocal Ease, Inc.",,371469320,5000,"Funding will support the operating costs of Vocal Ease's program, which provides volunteer musical performances for seniors at hospitals, nursing homes, and senior centers."
Bottcher,"Vocal Ease, Inc.",Performance - Council District 3,371469320,5000,"To support performance at hospitals, nursing homes, senior centers and senior residences."
Brewer,"Vocal Ease, Inc.",Senior Center Musical Programs,371469320,5000,Funds will support musical programs at Senior Center.
Salaam,Volunteers of America,"Greater New York, Inc.",581959781,7500,To provide resources and services available to elderly former homeless people in Council District 9.
Farias,Volunteers of America,"Greater New York, Inc. - Council District 18",581959781,25000,Funding to support veteran services and programs in Council District 18.
Ayala,"Volunteers of Legal Service, Inc.",Elderly Project,133234630,5000,To provide funding to support the VOLS Elderly Project.
De La Rosa,Washington Heights Community Services,STAR Senior Center,132792876,15000,To support STAR's recreational and educational programming by providing special trips and live bands during our special holidays.
Mealy,"Wayside Out-Reach Development (WORD), Inc.",Brownsville Older Adult Center,113528680,5000,Funds will support Digital/Virtual Literacy and Technology Training for older adults.
Mealy,"Wayside Out-Reach Development (WORD), Inc.",Langston Hughes Older Adult Center.,113528680,5000,Funds will support Digital/Virtual Literacy and Technology Training for older adults.
Mealy,"Wayside Out-Reach Development (WORD), Inc.",Tilden Houses Senior Center,113528680,10000,Funds will support Digital/Virtual Literacy and Technology Training for older adults.
Mealy,"Wayside Out-Reach Development (WORD), Inc.",Van Dyke II Senior Center,113528680,10000,"Funds will be used to enhance senior programming, health and wellness, educational, and recreational activities."
Abreu,"West Side Federation for Senior and Supportive Housing, Inc.",Red Oak Senior Center & Frederick Douglass Senior Center/Social Club,132926433,13000,Funding to support The Center at The Red Oak and The Frederick Douglass Senior Center/Social Club in Council District 7.
Bottcher,Westbeth Artists Residents Council,Older Adults Activities - Council District 3,133154253,10500,"Funds will be used for older adults activities, such as acting, singing and balance/strength training."
De La Rosa,William F. Ryan Community Health Center,Health & Wellness Program - Washington Heights,132884976,5000,To support Health and Wellness for Seniors in Washington Heights. Page 25 Appendix A: Aging Discretionary Council Member Legal Name of Organization - Program Name Tax ID Amount Purpose of Funds
Salaam,"Women In Need, Inc.",,133164477,5000,"To provide training to staff in helping older adult in migrant families to care for youth and children in their families, which will create a sense of belonging and bonding in a new country."
Schulman,"Young Israel Programs, Inc.",Young Israel of Forest Hills Senior League,030381957,50000,"Funding will be used to support the daily meal program, case management program, office and client supplies as well as general operational and program related expenses."
Gennaro,"Young Israel Programs, Inc.",Young Israel of Queens Valley,030381957,10000,"Funds to support programming including recreation, health promotion, nutrition education and meals. Funds will be used to assist occupancy and utilities expenses, and programming at the Young Israel of Queens Valley."
Yeger,"Young Israel Programs, Inc.",Young Israel Senior Services of Midwood,030381957,6000,Funds will be used to support district based senior services in Council District 44.
Dinowitz,Young Men & Young Women's Hebrew Association of the Bronx dba Riverdale YM/YWHA,Riverdale Y's New Beginnings Center for Contemporary Adults,131740507,30000,"Funding to support New Beginnings Center, which will offer older adults opportunities to socialize and get involved in a new community space."
Farias,Young Men's Christian Association of Greater New York,Castle Hill YMCA - Glebe Senior Center,131624228,20000,Funding to support programming at Glebe Senior Center in Council District 18.
Louis,Young Men's Christian Association of Greater New York,Flatbush YMCA - Older Adult Programming,131624228,10000,"Funds will be used to support operating expenses and programming associated health and wellness of older adults at Flatbush YMCA for group exercise classes, social connectivity workshops and wellness workshops."
Yeger,"Young Men's Young Women's Hebrew Association of Boro Park, Inc.",,111630917,16000,"Funds will be used to provide activities and special events for seniors in the community; including exercise classes, entertainment, and outings to cultural events throughout NYC. Page 26"
